0,n-6O6I7pmmpwkW2pCO-zDw,Indigo,['indpak'],1,2,879,4.5,243 K St NE,"Washington, DC",DC
1,CwdlygqT4cWwOtQGsYdoBw,Rasika,['indpak'],1,3,3127,4.5,633 D St NW,"Washington, DC",DC
2,jxTABk0jP7Y_kN3DCNiWbQ,Bombay Street Food,['indpak'],1,2,389,4.0,1413 Park Rd NW,"Washington, DC",DC
3,jj1vSlzf-G1_vTJJ6ftsAA,Pappe,['indpak'],1,2,305,4.0,1317 14th St NW,"Washington, DC",DC
4,0CfNGIodfKdoItAmSWgDDg,RASA,['indpak'],1,2,412,4.5,1247 First St SE,"Washington, DC",DC
5,KsI3nntftxHygmB3obDBDQ,Masala Story,['indpak'],1,2,216,4.5,3301 12th St NE,"Washington, DC",DC
6,A3bc3FwtS5u_ISZt6mnGhQ,Butter Chicken Company 2,['indpak'],1,0,54,4.5,500 H St NE,"Washington, DC",DC
7,JWDgIoAfVCr97wl7AQxVvg,Spice 6 Modern Indian,['indpak'],1,2,310,4.5,740 6th St NW,"Washington, DC",DC
8,wRHR4iAYaqnDzMA7pgK2bA,Punjab Grill,"['indpak', 'cocktailbars', 'vegetarian']",3,0,334,4.5,427 11th St NW,"Washington, DC",DC
9,lpPCrVVMQ6X8mvId_E_BGw,Karma Modern Indian,"['indpak', 'tapasmallplates', 'cocktailbars']",3,3,301,4.5,611 I St NW,"Washington, DC",DC
10,TgLix14aFIt4TZWNXtILdA,Bombay Street Food #2,['indpak'],1,2,166,4.0,524 8th St SE,"Washington, DC",DC
11,xyREZ10uuPkLizBm2BJ7LQ,Glassey,['indpak'],1,0,36,4.5,1625 1st St NW,"Washington, DC",DC
12,02i1RoOkg1Vh6x1-FF-eyg,Rasika West End,['indpak'],1,3,1369,4.0,1190 New Hampshire Ave NW,"Washington, DC",DC
13,b2_iQIqT6lSaI4zvqHwLYw,VEGZ,"['vegetarian', 'vegan', 'indpak']",3,0,100,5.0,2120 18th St NW,"Washington, DC",DC
14,5BRYpLZoMPLJDkt2pyYC0A,Kadhai Boutique Indian Cuisine,['indpak'],1,2,470,4.5,7905 Norfolk Ave,Bethesda,MD
15,FEeEcwNS-TRtDYA5ClCDdQ,Spice 6 Modern Indian,['indpak'],1,2,510,4.0,5501 Baltimore Ave,Hyattsville,MD
16,VuqbeMDjbz-oe6DLR-sqdw,Le Mirch,['indpak'],1,2,392,4.0,1736 Connecticut Ave NW,Washington DC,DC
17,vbaUufa9iCbnITzVo2JXqw,Biryani City,['indpak'],1,0,115,4.5,4830 Boiling Brook Pkwy,North Bethesda,MD
18,3YAqTdLsvsApbJx1BvLFBg,Curry & Pie,"['indpak', 'pizza', 'asianfusion']",3,2,360,4.0,1204 34th St NW,"Washington, DC",DC
19,yRnFnpCJ1Upf5BdjwNQXDw,Salt And Pepper Grill Indian & Pakistani Cuisine,"['indpak', 'pakistani']",2,2,268,4.0,2632 Georgia Ave NW,"Washington, DC",DC
20,mts13gNHEtSC7pYhjcF1_g,Bollywood Bistro Express,['indpak'],1,0,12,5.0,4238 Wilson Blvd,Arlington,VA
21,WmEsbfEJn5WZ0D8dViYT8w,Woodlands Indian Restaurant,"['indpak', 'vegetarian']",2,2,376,4.0,10151 New Hampshire Ave,Silver Spring,MD
22,0Oy1XKhZIpRGXmDsQ7Noqw,Indique,"['indpak', 'bars', 'desserts']",3,2,587,4.0,3512-14 Connecticut Ave NW,"Washington, DC",DC
23,dobXM3ElLUjeJhdSxmXyaw,Bansari Indian Cuisine,"['halal', 'indpak', 'seafood']",3,0,92,4.5,2750 Gallows Rd,Vienna,VA
24,ietdFIjqKIcaJpVAv-RNTQ,Namaste Everest,"['himalayan', 'indpak', 'bars']",3,2,95,4.5,1201 South Joyce St,Arlington,VA
25,xy2BRUHFGnOlRLfzxtcnzw,Jyoti Indian Cuisine,['indpak'],1,2,416,3.5,2433 18th St NW,"Washington, DC",DC
26,c7ob5AWqgIjIQAkSzuRLhA,RASA,"['indpak', 'halal', 'salad']",3,0,43,4.5,485 K St NW,"Washington, DC",DC
27,-moidVHZfxIYpVoRGYtMvQ,Butter Chicken Company,['indpak'],1,0,62,4.0,818 18th St NW,"Washington, DC",DC
28,kd3MW-FkfYyiWbEhljXN8A,Amber Spice,['indpak'],1,2,188,4.5,13524 Baltimore Ave,Laurel,MD
29,XlPNlyqXHBzeKCxr_1-g4A,Namaste,"['indpak', 'himalayan']",2,2,506,4.5,6138 Rose Hill Dr,Alexandria,VA
30,-o8-pURUWD3IhuMIi1-eVQ,Laliguras,"['indpak', 'himalayan']",2,0,38,4.5,2332 Wisconsin Ave NW,"Washington, DC",DC
31,iHo4vAVlJPyoGzWcRRWxog,Bollywood Masala Indian Restaurant,"['indpak', 'cocktailbars']",2,2,376,4.5,120 Rosewick Rd,La Plata,MD
32,ydynMpaZqe4dGNQAvfNGbQ,Raaga Restaurant,"['indpak', 'buffets']",2,2,480,4.0,5872 Leesburg Pike,Falls Church,VA
33,LS_Pwab3SN1NZ78dN3PKWg,Bindaas,['indpak'],1,2,241,3.5,2000 Pennsylvania Ave NW,"Washington, DC",DC
34,tjWftQ-f8OF599jHcuCE4Q,City Kabob and Curry House - Washington,"['pakistani', 'indpak', 'halal']",3,2,145,4.5,204 Michigan Ave NE,"Washington, DC",DC
35,n_97tVbPby5vDKrAMSQyIw,IndAroma,['indpak'],1,2,638,4.0,6548C Little River Tpke,Alexandria,VA
36,IiALhE0hg5JTYtTgMSbiLw,Spice Street,"['indpak', 'seafood']",2,0,19,4.0,8242 Georgia Ave,Silver Spring,MD
37,-ny2KfkxF0yUKE8ZB4CpIQ,Diya Indian Cuisine,['indpak'],1,0,133,4.5,218 N Lee St,Alexandria,VA
38,cXJCK35CyFNagZX0_vLL8A,NaanWise,['indpak'],1,2,50,4.5,2635 Connecticut Ave NW,"Washington, DC",DC
39,vNlPKsF3marM5JkYCb3UTQ,Virraaj,['indpak'],1,0,24,4.5,4914 Cordell Ave,Bethesda,MD
40,mg64AGmhdHQ468A0YYrrbQ,Heritage India,['indpak'],1,2,282,3.5,3238 Wisconsin Ave NW,"Washington, DC",DC
41,Dfo2e7HkCdq_PxzkZs2kYA,Raaga Tandoor,"['indpak', 'bars', 'seafood']",3,0,74,5.0,6030 Burke Commons Rd,Burke,VA
42,mCbWqDS41gzUJn_wrQ1sOQ,Namaste,['indpak'],1,2,362,4.5,2510 Conway Rd,Gambrills,MD
43,oiQsBpU3yEkvgCOEH3p8Pg,Haandi Indian Cuisine,"['indpak', 'buffets']",2,2,438,4.0,1222 W Broad St,Falls Church,VA
44,B2SZbOHYE5bPkWooA6z_qg,Indochen,"['chinese', 'indpak', 'himalayan']",3,0,37,4.5,4906 Brenman Park Dr,Alexandria,VA
45,APColJVZ2FRLJhBWQaxE_Q,The Bombay Club,['indpak'],1,3,708,3.5,815 Connecticut Ave NW,"Washington, DC",DC
46,W4NNUcovctcKDM7tfEvr5w,Bollywood Bistro,['indpak'],1,2,686,4.0,3955 Chain Bridge Rd,Fairfax,VA
47,g4Py2QdLGl7CsX7UlxL14Q,Indish Exotic Indian Restaurant & Bar,"['indpak', 'bars']",2,2,125,4.5,15908 A Crain Hwy,Brandywine,MD
48,XbLm1FG8MSv7AD0_xl3_2Q,Namaste Jalsa,"['indpak', 'himalayan']",2,2,245,4.0,1504 King St,Alexandria,VA
49,Dm5rBRLfIrh2j0VHTdZVlw,Curry Place Indian Cuisine,"['indpak', 'himalayan']",2,2,67,4.5,11229 New Hampshire Ave,Silver Spring,MD
0,IvWIICceHhyt0TSQ7wADLg,SPICE KRAFT Indian Bistro,"['indpak', 'desserts', 'vegan']",3,2,138,4.5,2607 Mount Vernon Ave,Alexandria,VA
1,o-2xm1bLixEOFMnWPj9KPQ,Cafe of India,['indpak'],1,2,213,4.0,4909 Wisconsin Ave NW,"Washington, DC",DC
2,3_6iqAAM2UYGsjKLP6fSoQ,Naan and beyond,"['indpak', 'desserts']",2,1,289,3.0,1025 Vermont Ave,"Washington, DC",DC
3,LYNYfugdfoYFk54uNdUSLQ,Bindaas,['indpak'],1,2,207,3.5,3309 Connecticut Ave NW,"Washington, DC",DC
4,4uemwCEBaB-d_EM_f1Tn-w,Commonwealth Indian Restaurant,"['indpak', 'cocktailbars']",2,0,133,4.5,11610 Old Georgetown Rd,Rockville,MD
5,1Svpu_H-pVuqHP1jODazfg,Dishes Of India,['indpak'],1,2,365,4.0,1510A Belle View Blvd,Alexandria,VA
6,w0yP_jI8XMp0oHu2Qsg6kg,Amma Vegetarian Kitchen,"['vegetarian', 'indpak']",2,1,298,3.5,344 Maple Ave E,Vienna,VA
7,B0pOX_jGkU1u5U2T4ekUkg,Masala Art,['indpak'],1,2,253,3.5,1101 4th St SW,"Washington, DC",DC
8,-pol65idvzmk4yE2_YaDow,Maya Cuisine Restauraunt & Bar,"['indpak', 'himalayan', 'seafood']",3,0,10,5.0,7345-A Wisconsin Ave,Bethesda,MD
9,Mk6zKU9fnzvSVKgQm8vSxg,Masala Art,['indpak'],1,2,333,3.5,4441 Wisconsin Ave NW,"Washington, DC",DC
10,nFCmXU-z_s5Ci_f6_990Zw,Saffron Indian Cuisine,['indpak'],1,2,270,4.0,1077 W Broad St,Falls Church,VA
11,PqkkiuN2h-U-c27MtXW_vw,Gharer Khabar,"['indpak', 'bangladeshi']",2,1,154,3.5,5157 Lee Hwy,Arlington,VA
12,pUebWe0x48uWL37D_Ql8Pw,Flavors of India,['indpak'],1,2,365,3.5,2524 L St NW,"Washington, DC",DC
13,lDgYC-Dpp1OlFkSWbuGxZA,Spice 6 Modern Indian,['indpak'],1,2,551,4.5,2674 Avenir Pl,Dunn Lorring,VA
14,9WfQ9pS8hcytMrfewmg5Gg,City Kabob & Curry House- Arlington,"['indpak', 'halal', 'pakistani']",3,2,214,4.0,3007 Columbia Pike,Arlington,VA
15,IODBdzVg_mrll8np6gAtIw,Ghar- E- Kabab,"['indpak', 'himalayan', 'vegetarian']",3,2,306,3.5,944 Wayne Ave,Silver Spring,MD
16,p0X1JZn9ye3t4Ty0gKK5dg,Aatish On The Hill,"['indpak', 'pakistani']",2,2,225,3.0,609 Pennsylvania Ave SE,"Washington, DC",DC
17,CCiRP4aDMoqMKuqZ4HH-Yw,Red Chillies,['indpak'],1,2,297,4.0,1341 University E,Takoma Park,MD
18,jLuNzrAo5yKwmShibwK1fA,India Gate,"['indpak', 'bars', 'buffets']",3,2,124,3.0,2020 P St NW,"Washington, DC",DC
19,aOk-D4bmvh7ADTeqrrgm4g,Masala Indian Cuisine,"['indpak', 'himalayan', 'buffets']",3,2,223,4.0,1394 Chain Bridge Rd,McLean,VA
20,NaZ2SmjnZ1SUs7TJXg8N6Q,Butter Chicken Company 3,['indpak'],1,0,4,4.5,601 2nd St NE,"Washington, DC",DC
21,fqdtzS_KkBk7ugtd9t7KtQ,Sakina Halal Grill,"['indpak', 'pakistani', 'halal']",3,2,452,3.5,1108 K St NW,"Washington, DC",DC
22,XbVyhDQVNPezG4-I0pvx-Q,Urban Tandoor,"['indpak', 'himalayan']",2,2,264,4.0,801 N Quincy St,Arlington,VA
23,f6iUqQYzKdcmbRuCOY2gwQ,Kohinoor Dhaba,['indpak'],1,1,522,3.5,2800 S Eads St,Arlington,VA
24,UNRBa9MIn-fmQpk3SkQS_w,Aditi Indian Dining,['indpak'],1,2,532,4.0,5926 Kingstowne Towne Ctr,Alexandria,VA
25,EFQRzTgCgUv9Bepa-kbtYw,Royal Taj,['indpak'],1,2,1088,4.5,8335 Benson Dr,Columbia,MD
26,hBNrQ3gtz6o0UM9xjlfy-w,Swahili Village,"['african', 'indpak']",2,2,306,4.0,10800 Rhode Island Ave,Beltsville,MD
27,14rothRctSQD2RQt-wq2yA,Khana: A Claypot Grille,['indpak'],1,1,139,3.5,15616 Old Columbia Pike,Burtonsville,MD
28,Addp5AbaNq3-I1NjrV_xaA,Delhi Dhaba,"['indpak', 'pakistani']",2,2,298,3.5,2424 Wilson Blvd,Arlington,VA
29,erXuNaqnPs0Qk8OeVx_Sqg,Royal Indian Cuisine,['indpak'],1,2,161,4.5,15504 Old Columbia Pike,Burtonsville,MD
30,O2dUZZV1xnl4AxYMUVpffw,Red Toque Cafe,"['indpak', 'pakistani']",2,1,381,3.5,1701 6th St NW,"Washington, DC",DC
31,omLnjIljdO3a_hTkfk9kiw,Ghostline,"['pizza', 'ramen', 'indpak']",3,0,43,4.0,2340 Wisconsin Ave NW,"Washington, DC",DC
32,IgOEhtMMRoSOP6uriKwnZg,Pan-Am Fresh Super Market,"['delis', 'grocery', 'indpak']",3,0,7,5.0,3320 Brown St NW,"Washington, DC",DC
33,zZbbMMkrXX43HFyyYbwcTQ,Taste of Tandoor,['indpak'],1,2,423,4.0,13836 Smoketown Rd,Woodbridge,VA
34,94GIEYlrLFLv64lgk9Oi0Q,Royal Nepal,"['himalayan', 'desserts', 'bars']",3,2,390,4.5,3807 Mount Vernon Ave,Alexandria,VA
35,jfV5pIYOnVmUiYAmeWoAZA,Chutney Indian Restaurant,"['indpak', 'buffets']",2,2,596,4.5,9400 Snowden River Pkwy,Columbia,MD
36,pRT3JuM-y9o46Ff2IiUB4w,OM Fine Indian Cuisine,['indpak'],1,2,451,4.0,785-K Rockville Pike,Rockville,MD
37,8rrijqAJZ-hK9GvnJxPWdQ,Shawarma Hut,"['mediterranean', 'halal', 'pakistani']",3,0,34,4.0,3657 Georgia Ave NW,"Washington, DC",DC
38,HnieWXrwCa7fyZ259x7OFg,Taj Of India,"['indpak', 'seafood']",2,2,219,3.5,509 S 23rd St,Arlington,VA
39,Tke2U4ILqf3OVLaooOAWdg,Tandoori Nights,"['indpak', 'seafood']",2,2,259,3.5,7236 Woodmont Ave,Bethesda,MD
40,GOXbp_Vh9ZDsbvG6e3M8Lw,Rajaji Fine Indian Cuisine,['indpak'],1,2,266,3.5,2603 Connecticut Ave NW,"Washington, DC",DC
41,OYTjw1w-S34rYEWPGNdcTA,DC Dosa,['indpak'],1,1,121,3.5,1309 5th St NE,"Washington, DC",DC
42,jDUSh15O6gLtE4yRtHclUA,Sacrificial Lamb Kabobs & Wraps,"['mideastern', 'indpak', 'halal']",3,1,299,3.5,1704 R St NW,"Washington, DC",DC
43,lh7SXRie0yZCqMpUzV7KxQ,Jaipur Royal Indian Cuisine,"['indpak', 'buffets', 'seafood']",3,2,619,4.0,9401 Lee Hwy,Fairfax,VA
44,UKLtBClQSGYyPIxjDB0qoA,Taj of India,['indpak'],1,2,368,3.0,2809 M St NW,"Washington, DC",DC
45,O2wE0EWhUjS4rIcf85A-2Q,Masala Express,['indpak'],1,1,326,4.0,2622-A N Pershing Dr,Arlington,VA
46,3VS2XgF0WUUXutk53HiViA,Rasoi Indian Kitchen,['indpak'],1,2,359,3.0,1810 K St NW,"Washington, DC",DC
47,wyB3aDoU4rU0zsrkYEnBCg,Mumbai Darbar,['indpak'],1,2,152,4.0,512A S Van Dorn St,Alexandria,VA
48,qMiazHApXebe9Y7eSaaZyQ,Himalayan Heritage Restaurant,"['indpak', 'himalayan']",2,2,507,3.5,2305 18th St NW,"Washington, DC",DC
49,V98Uaqb2AgstPpbdtriKOQ,Taj of India,"['indpak', 'seafood']",2,0,26,4.5,6027 Richmond Hwy,Alexandria,VA
0,RCEz7Grp3_0Cg6tia6hfgg,Spicelife Indian Fare,"['indpak', 'himalayan', 'desserts']",3,2,193,4.5,128 Ellington Blvd,Gaithersburg,MD
1,UzwdIqHA7m1mjCC73UzUFA,Kabob N Karahi,"['pakistani', 'halal', 'indpak']",3,2,314,4.0,15521 New Hampshire Ave,Silver Spring,MD
2,waqeV74OenbbneTvlJdkgw,Kabob Palace,"['halal', 'pakistani']",2,2,1897,4.0,2315 S Eads St,Arlington,VA
3,R_3QeczpV_6uky1-8rV0gg,Bollywood Bistro,['indpak'],1,2,246,4.5,9853 Georgetown Pike,Great Falls,VA
4,3YgzcEWDgn1vPO2pswOeQA,Ravi Kabob House,"['pakistani', 'halal']",2,2,727,4.0,305 N Glebe Rd,Arlington,VA
5,zwFMnt8CuevYAojSk_ZIMA,Aroma Restaurant,['indpak'],1,0,18,4.5,4044 Campbell Ave,Arlington,VA
6,HY5w1bX1kOgUmWjtRLZSkA,Afghan Bistro,"['afghani', 'mideastern', 'halal']",3,2,836,4.5,8081-D Alban Rd,Springfield,VA
7,8om_pVj5dCNrwJbDcxSw_g,Kabob BQ,"['afghani', 'halal', 'mideastern']",3,0,94,5.0,2246 Crain Hwy,Waldorf,MD
8,fhEXaIClYofYgIu06KO07A,Passage To India,"['indpak', 'vegan']",2,2,211,3.5,4931 Cordell Ave,Bethesda,MD
9,zwu4hYcBeTvgrwHHYs8BGQ,Laliguras Indian & Nepali Bistro,"['indpak', 'himalayan']",2,2,179,3.5,4221 Connecticut Ave NW,"Washington, DC",DC
10,nub-95vS5XDfGY57k0Yr-Q,Bethesda Curry Kitchen,"['indpak', 'halal']",2,2,123,3.5,4860 Cordell Ave,Bethesda,MD
11,HQraraaSqUb55U0H1BB2pQ,Moh Moh Licious,"['himalayan', 'asianfusion']",2,1,80,4.5,7414 Georgia Ave NW,"Washington, DC",DC
12,Rr8b0spgaHMSpD2j_mNbCg,Spice Kraft Indian Bistro - Clarendon,['indpak'],1,0,5,4.5,1135 N Highland St,Arlington,VA
13,W0qMaTxupYjzmx9uEMOoiA,Jewel of India,"['indpak', 'bars', 'soup']",3,2,531,4.0,10151 New Hampshire Ave,Silver Spring,MD
14,xCTG9oRpKS1BvyT8-jhHGw,Adyar Ananda Bhavan A2B,"['indpak', 'vegetarian']",2,2,67,3.5,645 Elden St,Herndon,VA
15,xstnxSbifkG_He7c4A7dLQ,Nirvana Indian Cuisine,['indpak'],1,0,126,4.0,3474 Olney Laytonsville Rd,Olney,MD
16,1i0gf9awbeXMkrkpjWOaJg,Aracosia - McLean,"['afghani', 'steak', 'whiskeybars']",3,0,100,5.0,1381 Beverly Rd,McLean,VA
17,fZ_7llLZzKXlSBggB6ZZTA,Bella,"['indpak', 'italian', 'pizza']",3,2,200,4.5,7423 Van Dusen Rd,Laurel,MD
18,0CTSRB3caXzURlGYEBzvLA,Clove & Cardamom,['indpak'],1,0,6,4.5,6000 Merriweather Dr,Columbia,MD
19,y3LxuISi5at89ApvY32l1Q,Spice N Curry,['indpak'],1,2,194,4.5,6590 Old Waterloo Rd,Elkridge,MD
20,ciDePjSj38rK6lFh-0KciQ,Salt and Pepper Grill II,"['pakistani', 'indpak']",2,2,82,3.5,3925 14th St NW,"Washington, DC",DC
21,GYJqSzwhct6ITCI8vJjt8Q,Sapphire Tysons,"['indpak', 'pakistani', 'newamerican']",3,2,216,4.0,8201 Greensboro Dr,McLean,VA
22,QUlfde2dnk_3WAJHL9SjYA,Indian Delight,['indpak'],1,0,7,4.0,1825 I St NW,"Washington, DC",DC
23,fuLUp2S0P3C0OtJUKFMNZA,Bombay Tandoor,"['indpak', 'pakistani']",2,2,357,3.5,8603 Westwood Center Dr,Vienna,VA
24,E3f8RZsr5_nrgfKiBAC_Zw,IndianOven,['indpak'],1,0,1,5.0,7345 Wisconsin Ave,Bethesda,MD
25,V8BCrtKRkvfEEyzIys1zcw,India Palace,"['indpak', 'pakistani', 'catering']",3,2,441,4.0,19743 Frederick Rd,Germantown,MD
26,w3Pg_EqlfoT8i427yxdVuQ,Teddy's Roti Shop,['trinidadian'],1,2,190,3.5,7304 Georgia Ave NW,"Washington, DC",DC
27,b5lo5iWGRpqm3FopCKl_jA,Aroma Indian Cuisine,"['indpak', 'halal']",2,2,333,3.5,4044 Campbell Ave,Arlington,VA
28,i5dIoGLpWU_FZl0l2X4R4w,Aladdin Sweets & Tandoor,['bangladeshi'],1,1,56,4.0,5169 Lee Hwy,Arlington,VA
29,kgT7b-QkP3wy-hlq7DwG6g,Niralla Sweets & Restaurant,"['indpak', 'desserts']",2,1,98,3.0,7038 Spring Garden Dr,Springfield,VA
30,xeOXTasySvPyKTZC6-BxFQ,Lapis,"['afghani', 'cocktailbars', 'halal']",3,2,549,4.5,1847 Columbia Rd NW,"Washington, DC",DC
31,8nEfIFrpR6TkAXs9CUsICw,Minerva Express,['indpak'],1,1,63,4.0,4815 Lee Hwy,Arlington,VA
32,iKEVXJDCqhOeRCh6jq74tg,Saravana Palace,"['vegetarian', 'indpak']",2,1,312,4.0,11725 Lee Hwy,Fairfax,VA
33,HVyencGd3lG3OQB3J44AFA,Saba Traditional Yemeni Cuisine,"['mideastern', 'halal']",2,2,198,4.0,3900 Pickett Rd,Fairfax,VA
34,evRBSShjAFes3E27zHbyjw,Saran Indian Vegetarian Cafe,"['indpak', 'vegetarian']",2,0,32,4.5,7708 Backlick Rd,Springfield,VA
35,1KdYFwSYyF278gYHLP8cSg,Des Pardes Restaurant & Sweets,"['pakistani', 'indpak', 'buffets']",3,0,16,4.5,6550 Backlick Rd,Springfield,VA
36,cGMI_GYyG_5gB80zmWQr7w,Food Corner Kabob & Rotisserie,['pakistani'],1,1,56,4.0,2301 Georgia Ave Nw,"Washington, DC",DC
37,X5kjJgl84xIa0_mwLMNnNQ,East West Grill,"['indpak', 'pakistani', 'halal']",3,1,230,4.0,2721 Wilson Blvd,Arlington,VA
38,mYPoY0Pa3D71YPerfrSwrg,Karma Kitchen,"['indpak', 'vegetarian', 'himalayan']",3,1,2,4.5,2305 18th St NW,"Washington, DC",DC
39,ULeX_UFCPjVU3IB9bchBbQ,Dosa & Chaat Indian Cafe,"['indpak', 'vegan', 'cafes']",3,2,84,4.0,68 Market St,Gaithersburg,MD
40,EDvUNaS6zWGNax7Yox2y8Q,Maurya Kebabs & Curries,"['indpak', 'pakistani', 'bangladeshi']",3,2,96,4.0,11444 Cherry Hill Rd,Beltsville,MD
41,1JRBSzV2NEo-b72ZVm6qXg,Bistro Aracosia,"['afghani', 'wine_bars']",2,3,208,4.5,5100 MacArthur Blvd,"Washington, DC",DC
42,L3xyUgvhO9RHbvwYR88oTw,Curry Place,"['indpak', 'himalayan', 'asianfusion']",3,2,149,4.0,385 Muddy Branch Rd,Gaithersburg,MD
43,bYjnyNmzgVxDMJaFKsT21A,Methi Indian and Nepalese Cuisine,"['indpak', 'himalayan']",2,2,118,3.5,2509 University Blvd W,Silver Spring,MD
44,j4PVNCpxS_U9rw0yn-Tiwg,Food Factory,"['afghani', 'indpak', 'pakistani']",3,1,113,3.5,8145 Baltimore Ave,College Park,MD
45,7gW9_cfTs9-0nQLM6_yNEQ,Shouk,"['mideastern', 'vegan', 'kosher']",3,2,671,4.5,655 K St NW,"Washington, DC",DC
46,bZR-XJIeXfxp_BnUcs-_GA,Marib Restaurant,"['arabian', 'mideastern', 'halal']",3,2,238,4.5,6981 Hechinger Dr,Springfield,VA
47,d2a31z-gioo0CbC8J-4Irw,Curry Place,"['indpak', 'himalayan', 'asianfusion']",3,1,264,4.0,12951 Wisteria Dr,Germantown,MD
48,lNYaLFlZfKLUbx-qkd3TWA,Himalayan Heritage Restaurant,['himalayan'],1,2,198,3.5,4925 Bethesda Ave,Bethesda,MD
49,YfgZBZWeJWkAwctImN0rrQ,4 Seasons Curry & Kabab,['indpak'],1,0,30,3.5,2219 Defense Hwy,Crofton,MD
0,wAJJHgIJmuWosz8nVuzK6g,Mina's Grill & Kabab,"['pakistani', 'chinese', 'buffets']",3,0,51,4.5,13825 Outlet Dr,Silver Spring,MD
1,3NZzADe9X3_LELgH1NBQEg,Tikka Masala,['indpak'],1,0,2,4.5,4929 Elm St,Bethesda,MD
2,niwgqHBVOf0Pu8bkrQ95Uw,Bombay Bistro,"['indpak', 'diners']",2,2,311,4.0,98 W Montgomery Ave,Rockville,MD
3,ydQTNctrjw45tJL-5WitPg,EATS United,"['indpak', 'halal', 'buffets']",3,0,17,3.0,641 Indiana Ave NW,"Washington, DC",DC
4,AOSpxO8mePsT8x7Io5vVRw,Duet,"['indpak', 'italian', 'pizza']",3,0,16,3.5,601 2nd St NE,"Washington, DC",DC
5,dZAMU7SVn3-nDu1CKB9K1A,TooSso Pakistani Kitchen,['pakistani'],1,1,220,4.0,5290 Randolph Rd,Rockville,MD
6,bTe8NOoGGoRBVAss-4ObZg,Curry Mantra,"['indpak', 'buffets']",2,2,512,4.0,9984 Main St,Fairfax,VA
7,qsELeeVN8E5fbxjIIgPwOg,De BBQ 2Night,"['pakistani', 'indpak']",2,0,17,3.5,9023 Annapolis Rd Lanham,Lanham,MD
8,a95sxJcC6Gqb1U4PXw4B1A,Ananda,"['indpak', 'bars']",2,2,468,4.0,7421 Maple Lawn Blvd,Fulton,MD
9,djG2dmzYSBdat0jg2h6JXw,Rangoli Restaurant,['indpak'],1,2,232,3.5,7791-C Arundel Mills Blvd,Hanover,MD
10,0ZlDij7dPh--FUGqOQEhNQ,Metro Tandoor,['indpak'],1,2,48,2.5,8500 Annapolis Rd,New Carrollton,MD
11,90wqgRWbBMhkNojni_u56g,Mint Indian Cuisine & Lounge,"['indpak', 'cocktailbars', 'buffets']",3,2,164,4.5,12447 Clarksville Pke,Clarksville,MD
12,fpvPi93i7vAb2ahQrdH0YA,Pongall Biriyani And Indian Grill,['indpak'],1,0,3,4.0,13919 Baltimore Ave,Laurel,MD
13,3U-H4lXMGlnWQa6dpuRBkA,Spice Grill,"['indpak', 'bangladeshi', 'buffets']",3,2,105,4.5,12611 Wisteria Dr,Germantown,MD
14,7eko53Pj_M--C50moQz8bA,Dolan Uyghur Restaurant,"['asianfusion', 'halal', 'kebab']",3,2,272,4.0,3518 Connecticut Ave NW,"Washington, DC",DC
15,DxtabmfvScMv8sDAoFByBA,Curry House,"['indpak', 'himalayan']",2,2,71,4.0,5765 Burke Centre Pkwy,Burke,VA
16,j8oF4GmHlOWK1ygjGSX7oQ,Fire n Spice,"['pakistani', 'halal', 'indpak']",3,0,47,4.0,3493 Laurel Fort Meade Rd,Laurel,MD
17,nVINpydtT9CpQuUan2JU0g,Curry N Tandoori,"['indpak', 'himalayan']",2,2,65,4.0,6347-A Columbia Pike,Falls Church,VA
18,4kC_aYCIuNEktqYQDdmshQ,Chennai Hoppers,['indpak'],1,0,9,5.0,136 Paramount Park Dr,Gaithersburg,MD
19,JNk5YuFibodnxRVwum_AVw,Mayuri Indian Restaurant,['indpak'],1,2,67,4.0,390 Elden St,Herndon,VA
20,nUOxtZVuyaNQxcS8J95m2A,Shiney's Sweets & Restaurant,"['pakistani', 'halal', 'indpak']",3,1,100,3.5,4231 Markham St,Annandale,VA
21,d_a23HWENed-bBI1toKySw,Indian Delight,['indpak'],1,2,159,4.0,622 Frederick Rd,Catonsville,MD
22,LyA773Nb0MYa_SquUpd_gg,Kabab King,"['indpak', 'chinese', 'halal']",3,2,45,3.5,5701 Columbia Pike,Falls Church,VA
23,rJ2bVnjja6U8nQCvWI-5yQ,Caribbean Palace,['trinidadian'],1,1,94,3.5,7680 New Hampshire Ave,Takoma Park,MD
24,bgKDG06xZoiTWrMo5seb-g,Chettinadu Indian Cuisine,"['indpak', 'desserts', 'coffee']",3,2,189,3.5,15124 N Fredrick Rd,Rockville,MD
25,_v6C9SzkdpqlGvMQGFsn1w,Desi Bethak,"['halal', 'indpak', 'pakistani']",3,0,71,3.5,8000 Haute Ct,Springfield,VA
26,aYWRJ9qd4Ff_dj7F4bzM4Q,Paradise Biryani Pointe,['indpak'],1,2,170,3.0,11274 James Swart Cir,Fairfax,VA
27,e-ghBjsnIHlaizn7Xpi6jw,Prince Kabob,"['afghani', 'pakistani']",2,2,85,4.5,2510 Conway Rd,Gambrills,MD
28,V1-X5WfWRUK6u_n4SWPNZg,Curry & Kabob,['indpak'],1,2,236,4.5,10451 Twin Rivers Rd,Columbia,MD
29,IpjfHEbrMVJY0wDFy_6mXA,Saran's Vegetarian Truck,"['foodtrucks', 'vegetarian']",2,1,29,4.5,,"Washington, DC",DC
30,cZw16j7xxsONx9a6FztYUA,Namaste Foodie,"['indpak', 'foodstands']",2,0,49,5.0,12250 Clarksville Pike,Clarksville,MD
31,t631cxVga3gH1xA8ZbzfIA,The Banana Leaf,['indpak'],1,0,2,5.0,13919 Baltimore Ave,Laurel,MD
32,OVAEzOGuCCFoD39M2TzgEQ,Samosa Supreme,"['african', 'vegetarian']",2,1,167,4.5,14207 Old Annapolis Rd,Bowie,MD
33,RgofqLNm_ZyJv50ryRFoDA,Panjshir,['afghani'],1,2,179,4.0,114 E Fairfax St,Falls Church,VA
34,qfQ8FRhXuZJY2Qnl2xiviQ,Saffron Indian Cuisine,"['indpak', 'halal', 'buffets']",3,2,152,3.5,1321 Rockville Pike,Rockville,MD
35,tzyYxIY3yNTdY4q7blsPvA,Dera,"['pakistani', 'mideastern']",2,2,155,3.5,7030 Spring Garden Dr,Springfield,VA
36,OklDsS5tsYmcp6r9qSj4hA,Bombay Velvet Restaurant,['indpak'],1,0,101,3.5,12100 Sunset Hills Rd,Reston,VA
37,QpDy7UbjhsTIAUiWdu19CA,Minerva,['indpak'],1,2,434,3.5,16240 Frederick Rd,Gaithersburg,MD
38,kQXWJvp2iZEX_zG7TDdAyw,M & N's Pizza,"['indpak', 'pizza']",2,1,327,4.5,4914 Del Ray Ave,Bethesda,MD
39,66WDSoHEa5Q0voj-5GR5lA,Balaji Cafe,"['indpak', 'vegetarian']",2,1,170,3.5,298 Sunset Park Dr,Herndon,VA
40,l4kQ6ku_DWaLKIGdvdmLjg,Indigo Food Stand- Union Market,['indpak'],1,0,12,3.5,1309 5th St NE,"Washington, DC",DC
41,-dgqjSuB9YMmjV6G37dfRQ,Paleti’s Kitchen,['indpak'],1,0,17,4.0,6050 Meadowridge Center Dr,Elkridge,MD
42,rWb-gt02Jbm8Jg-oFwroEA,Bombay Cafe,['indpak'],1,1,233,3.5,11213 Lee Hwy,Fairfax,VA
43,g5SJ6cMmzlHd0gRKN2hGaQ,Haldi Indian Restaurant,['indpak'],1,0,20,4.0,6060 Marshalee Dr,Elkridge,MD
44,6HA9in3sLhxHaVkwOHyBXA,Tandoori Nights Fairfax,"['indpak', 'himalayan', 'sportsbars']",3,2,58,4.0,10312 Willard Way,Fairfax,VA
45,RiwIUBITUfhn6etk6qVbnQ,Eerkin's Uyghur Cuisine,"['noodles', 'kebab', 'tea']",3,2,115,4.5,2412 Wisconsin Ave NW,"Washington, DC",DC
46,X5esd9zMCaLBIR2cdi333g,Flavors of India,['indpak'],1,2,161,4.0,7185 Columbia Gateway Dr,Columbia,MD
47,6bfDZEjSErFv1rjErlZvrw,Spice Xing,['indpak'],1,2,261,3.5,100 Gibbs St,Rockville,MD
48,Ztx3YPopmAmvnAgEmYsyFA,Ammas Kitchen,['indpak'],1,1,58,3.5,600 Carlisle Dr,Herndon,VA
49,DFgOdg--L1IxUksefKtqWg,Afghan Grill,"['mideastern', 'afghani', 'halal']",3,2,288,4.0,2309 Calvert St NW,"Washington, DC",DC
0,x6aty3EpPv7nlyanajz0Iw,Charming Nomad,"['foodtrucks', 'afghani']",2,2,5,5.0,1001 Fell St Baltimore,Baltimore,MD
1,LCtLembc0EHLQe2ewuX2BQ,Eerkin's Uyghur Cuisine,"['kebab', 'desserts', 'soup']",3,2,86,4.5,1701 Rockville Pike,Rockville,MD
2,lgM0NG3owHFgFRXMhwTzOw,Prime Tandoori,"['indpak', 'pizza']",2,0,29,3.5,2902 Garber Way,Woodbridge,VA
3,AITLlZ2CMFEcqeTIn8IxAw,Secrets of Nature Health Food Center,"['healthmarkets', 'vegan', 'vegetarian']",3,2,28,4.0,3923 S Capitol St SW,"Washington, DC",DC
4,48jBfe5_HSt-_QxodywBHg,Bamian,"['afghani', 'buffets', 'halal']",3,2,403,4.0,5634 Leesburg Pike,Falls Church,VA
5,T5KLAXp8LFrMS0YgyTvWFQ,Aditi Streetside Indian,['indpak'],1,0,13,3.0,405 Maple Ave E,Vienna,VA
6,jbfA-xtxNAdNrqyjKxHi0Q,Padaek,"['thai', 'buffets', 'laotian']",3,2,899,4.5,6395 Seven Corners Ctr,Falls Church,VA
7,9WNi8V6i2OuyrWZBia-_IA,Indochine Express Chinese Halal,"['chinese', 'halal', 'chicken_wings']",3,2,68,4.0,15416 New Hampshire Ave,Silver Spring,MD
8,w9qUGXXhXTm6j4k9677f1A,Ravi Kabob House II,"['pakistani', 'halal']",2,2,133,4.0,250 N Glebe Rd,Arlington,VA
9,dpdxywxqeMpUXSPvjHKDQA,Arlington Kabob,"['afghani', 'halal']",2,2,288,4.5,5046 Lee Hwy,Arlington,VA
10,5BYpX8Yb3LSGyTJfjRiuMw,M.A.S.H Eatery,"['kebab', 'seafood', 'chickenshop']",3,2,178,3.5,11911 Livingston Rd,Fort Washington,MD
11,tFwovBIOtbrdbnvMacFbqg,Kabob G,"['indpak', 'kebab', 'pakistani']",3,0,18,4.0,5429 Mapledale Plz,Dale City,VA
12,FeiY0Vv8-7Sbn3kTTaEcmQ,Tikka Indian Tandoor,['indpak'],1,0,21,3.0,2700 Potomac Mills Cir,Woodbridge,VA
13,ayL2kJsWbpRN_IfCVMTjbA,Punjab Kabab & Sweets,"['halal', 'indpak', 'vegetarian']",3,2,52,4.5,5313 E Dr,Halethorpe,MD
14,c-pDOAwWH83M70U9d7cMxg,Royal Palm Restaurant,"['pakistani', 'indpak']",2,0,14,5.0,21800 Town Center Plz,Sterling,VA
15,b13BUPOiZSAoiduZIEUqTA,Das Ethiopian,"['ethiopian', 'vegetarian']",2,2,394,4.0,1201 28th St NW,"Washington, DC",DC
16,kpiD1JG3pgh9liOgvFMPzA,Spicy Grill Food Truck,"['foodtrucks', 'indpak', 'asianfusion']",3,0,4,5.0,,"Washington, DC",DC
17,zo143UIr5WVNwBp4k8OIxA,House of India,['indpak'],1,2,225,4.0,9350 Snowden River Pkwy,Columbia,MD
18,yHrSZcfTvNq7kksb4q5AlQ,TAJ Caterers & Cafe,['indpak'],1,1,22,3.5,12101 Nebel St,Rockville,MD
19,jKu1qZ9Z_NFFtke0KZ1MmA,DCG - District Chicken & Gyro,"['halal', 'mideastern', 'mediterranean']",3,2,402,4.5,3147 Dumbarton St NW,"Washington, DC",DC
20,lpU-hUPOFHtGOejm5g_sgA,Kaveri,"['indpak', 'southern']",2,2,25,3.5,9011 Gaither Rd,GAITHERSBURG,MD
21,MP2lsoBXKfoYTvoNrWomtw,IndAroma X-Press,['indpak'],1,0,14,4.0,4400 University Dr,Fairfax,VA
22,s4gSyHoT_6IqGjxmLcTkYg,Maiwand Kabob,"['afghani', 'halal']",2,2,365,4.0,7698 Dorchester Blvd,HANOVER,MD
23,JmgPEjjhIRm5tE1MKtbtbw,Sapphire Restaurant & Sports Bar,"['indpak', 'sportsbars', 'thai']",3,2,144,3.5,13308 Laurel Bowie Rd,Laurel,MD
24,S4ZwS_1c8SLbwMDGFPyjAg,"kabob, Curry and Sweets","['pakistani', 'indpak']",2,1,25,2.5,2913-A Arlington Dr,Alexandria,VA
25,amgnpL5jpOfDEv0hCsYH3Q,New York Pizza,"['pizza', 'pakistani', 'indpak']",3,2,43,3.0,1442 Pennsylvania Ave SE,"Washington, DC",DC
26,4CLMNPIWxfn_uCcNFdAmVg,Hush Supper Club,"['indpak', 'vegetarian', 'supperclubs']",3,0,4,3.0,,"Washington, DC",DC
27,RRJAOEKaCyVhcs-JDQ7lnA,The Mango Grove,"['vegetarian', 'indpak', 'gluten_free']",3,2,285,4.0,8865 Stanford Blvd,Columbia,MD
28,ClTnAb0SReAYPCDLI5tL3A,Biryani Bites,"['indpak', 'mideastern', 'catering']",3,1,22,4.0,13069 Wisteria Dr,Germantown,MD
29,Iz2xhSeNdfzYq_CgvonXyA,Arif Mandi,['halal'],1,0,1,5.0,376 Elden St,Herndon,VA
30,US8loR26rBEa8HWF5zpM6w,Caribbean Crescent,"['grocery', 'wholesale_stores', 'halal']",3,2,16,4.5,1280 5th St NE,"Washington, DC",DC
31,zu9SbYpl6h6WatWpTiJ9EA,Sunflower Vegetarian Restaurant,"['vegetarian', 'vegan', 'asianfusion']",3,2,436,4.0,2531 Chain Bridge Rd,Vienna,VA
32,mmpsHJLSStJe603jctjAiQ,Woodlands Indian Vegetarian Restaurant,"['vegetarian', 'indpak', 'vegan']",3,2,225,3.5,4078 Jermantown Rd,Fairfax,VA
33,8xg3h6JprOj9rVQgL-lQAg,Gateway Pizza & Indian Cuisine,"['indpak', 'pizza']",2,2,179,3.5,6520 Old Waterloo Rd,Elkridge,MD
34,ocE33hdDmoKy7475VXCf5w,Bombay Bistro,"['indpak', 'salad', 'soup']",3,2,259,3.5,3570 Chain Bridge Rd,Fairfax,VA
35,o0pehsoG7zdxarVNjgBxyA,Pista House,['indpak'],1,2,163,3.0,2316 Hunters Woods Plz,Reston,VA
36,dnGymQV3zadiqzgizsxP_A,Zaffron,"['afghani', 'pakistani']",2,0,12,3.5,4182 Dale Blvd,Woodbridge,VA
37,biYMRXIIs-26CFql9K6E0A,Z Kabob,"['pakistani', 'bangladeshi']",2,2,62,3.0,10426 Campus Way S,Kettering,MD
38,z1W_Zrf-HPyKucmz6Z-lXg,Sai Saravana Bhavan,['indpak'],1,0,6,3.5,490 Elden St,Herndon,VA
39,NnmlkCLNXiHt0HqQXjymkw,Madras Palace,['indpak'],1,2,104,3.0,74 Bureau Dr,Gaithersburg,MD
40,mC1vZJxHoDSm-3NkYFCUMA,Galanga Indonesian Cuisine,"['foodtrucks', 'indonesian', 'vegetarian']",3,1,22,3.5,,"Washington, DC",DC
41,SLOGaSkSU5DzZZdHSgkg1g,Metro Halal Food Cart,"['halal', 'pakistani', 'foodstands']",3,1,124,4.5,4201 Wilson Blvd,Arlington,VA
42,wEMa96QEdkePepbqKHLW1Q,Bismillah Restaurant,"['indpak', 'halal', 'pakistani']",3,0,24,3.0,1350 Dorsey Rd,Hanover,MD
43,T3GyHOBOUp6-I3rgqLkSfw,Paradise Indian Cuisine,['indpak'],1,2,250,3.5,324 Elden St,Herndon,VA
44,ztsERus90Z97YIvasluZFA,Raouche Cafe,"['halal', 'lebanese', 'mediterranean']",3,2,440,4.5,2839 Gallows Rd,Falls Church,VA
45,3OlVolEBO01GrqXGCfWV9Q,Grill Kabob,"['mideastern', 'halal', 'afghani']",3,2,144,3.5,1025 Vermont Ave NW,"Washington, DC",DC
46,t1hnP2qlCUKLoZJ5TxA-qg,Chicago's Pizza With A Twist,"['pizza', 'gluten_free']",2,2,79,4.5,5645 Lee Hwy,Arlington,VA
47,RxbjQL84TRxM7D-3VDZ9Gw,Karahi Kabob Sweets,"['mideastern', 'pakistani', 'halal']",3,2,61,3.0,7050 Spring Garden Dr,Springfield,VA
48,hI1w_yO-8SAAp5TNmXd_2Q,Elizabeth's Gone Raw,"['vegan', 'raw_food']",2,4,205,4.5,1341 L St NW,"Washington, DC",DC
49,L8PYvMMyGRYrg3NLif1LLA,Indigo Indian Cuisine,"['indpak', 'bars']",2,2,39,4.0,8874 McGaw Rd,Columbia,MD
0,9ykP_7IQeydDYRAboXoY-A,Jalsa,"['cookingclasses', 'supperclubs', 'indpak']",3,0,1,5.0,,Rockville,MD
1,1OF2kC0uu2h5RZiqZfDfGA,Silver Spoon Kabobs,"['pakistani', 'vegan', 'gluten_free']",3,2,225,4.0,18530 Woodfield Rd,Gaithersburg,MD
2,G078UjR05ZL7_lUAK6hMEg,Chopathi India Kitchen,['indpak'],1,2,59,3.5,1741 Dorsey Rd,Hanover,MD
3,xzPFCuzZIWInaGYHSKtD-g,Shahi Kabob & Catering,"['halal', 'pakistani', 'buffets']",3,2,106,3.5,2896 Dale Blvd,Woodbridge,VA
4,OSiOyTWbZmWmuCCd-wLxxA,Mazadar Restaurant,"['afghani', 'mideastern', 'mediterranean']",3,2,553,4.0,11725 Lee Hwy,Fairfax,VA
5,bIPNkQMBGAIjBVT_RgkwVA,SeoulSpice,"['korean', 'gluten_free', 'comfortfood']",3,2,334,4.0,145 N St NE,"Washington, DC",DC
6,4tYNT-eNE75ZXgLOmKUZdA,Indian Biryani & Chaats,['indpak'],1,0,1,5.0,701 Russell Ave,Gaithersburg,MD
7,ccg9V0RG6V43gKmwV7edPA,Kabul Kabob House Express,"['mideastern', 'afghani']",2,2,196,4.0,514A S Van Dorn St,Alexandria,VA
8,D1yBptKLxEHXUFyD1tCN1g,Chopathi India Kitchen,['indpak'],1,0,7,3.5,18280 Contour Rd,Montgomry Vlg,MD
9,xxprFfNfPBRNv48XbJMNcg,Lilit Cafe,"['gluten_free', 'cafes']",2,1,251,4.5,7921 Old Georgetown Rd,Bethesda,MD
10,nThzsm1FTXUxpbB4g4DJgQ,MoMo House,"['himalayan', 'vegetarian', 'halal']",3,2,191,4.5,131A Maple Ave W,Vienna,VA
11,udd2UCascQpdIsykzzYbmA,Global Kabob & Pizza,"['halal', 'pakistani', 'indpak']",3,0,1,5.0,13813 Foulger Square,Woodbridge,VA
12,xXTLMq7M-PKezPEaD_EncQ,Metro Dhaba,"['italian', 'indpak']",2,1,82,3.5,8941 N Westland Dr,Gaithersburg,MD
13,MVP0Mta7rmF-Nbc1cIyIrQ,Amsterdam Falafelshop,"['vegetarian', 'mideastern', 'falafel']",3,1,1912,4.5,2425 18th St NW,"Washington, DC",DC
14,S-UQt66LLfKgJrpcpvw5AA,Maiwand Kabob,['afghani'],1,2,263,4.0,839 Elkridge Landing Rd,Linthicum Heights,MD
15,urJfUJfagHK7gc-gvBK2oQ,Mughal's Oasis,"['pakistani', 'indpak', 'juicebars']",3,0,19,3.0,7067 Brookfield Plz,Springfield,VA
16,MKzNlxzj8FY2H7pylaIyAg,Halal Grill Food Truck,"['foodtrucks', 'halal']",2,1,79,4.5,,"Washington, DC",DC
17,spWx2tWpgtK5k8uWzegkqg,Maiwand Grill,"['afghani', 'halal', 'mideastern']",3,2,162,4.0,15508 Old Columbia Pike,Burtonsville,MD
18,93wguO8GxT7CDZbZ2NtRgQ,Zamarod Restaurant,"['afghani', 'halal']",2,2,166,4.5,10123 Colvin Run Rd,Great Falls,VA
19,E0uiV0KHz9QLOuWGwNUCGw,Harmony Café,"['chinese', 'vegetarian']",2,1,248,4.0,3287 M St NW,"Washington, DC",DC
20,nuvu967M94ORtElQPw31OQ,Loving Hut,"['vegan', 'vietnamese']",2,2,661,4.5,2842 Rogers Dr,Falls Church,VA
21,9-7xkJK-xbsG-RT9VuTvaQ,Aladdin Sizzler,"['pizza', 'chicken_wings', 'kebab']",3,1,126,3.5,3231 Rhode Island Ave,Mount Rainier,MD
22,ds2haU9uEJiF80aKlH0q3Q,Amina Thai - Silver Spring,"['thai', 'halal']",2,2,224,4.0,8624 Colesville Rd,Silver Spring,MD
23,QIGQoLdcsCeUaK13JbbGjQ,Minerva Express,['indpak'],1,1,28,3.5,560 N Frederick Ave,Gaithersburg,MD
24,iaEaAOc6dKOVMcmevqC6Jw,Dama Bakery,"['bakeries', 'desserts', 'vegan']",3,1,39,4.5,1505 Columbia Pike,Arlington,VA
25,6SAgWX_QDTCWWmkDGhfKVQ,Haveli Restaurant & Banquet Hall,"['halal', 'pakistani', 'indpak']",3,0,11,3.0,,Springfield,VA
26,zDlXbtSNF24mZSuwct12-w,Yummy Kabob,"['halal', 'mideastern']",2,2,197,4.0,3340 Gallows Rd,Annandale,VA
27,Zx8KEMHSz8JTkqnmyzv-Iw,Tandoori Nights,"['indpak', 'seafood']",2,2,178,3.0,106 Market St,Gaithersburg,MD
28,NZ7vZSQsbr3RRCg6PiXf0A,Mirchi Wok,"['indpak', 'asianfusion', 'buffets']",3,2,29,3.5,8865 Stanford Blvd,Columbia,MD
29,6BnJ8rbaM1dXOWv7kpzvQQ,Famous Kabob & Karahi,"['halal', 'mideastern']",2,2,33,4.0,9711 Fort Meade Rd,Laurel,MD
30,ctFRb593xEIFy8a3XCTlxg,Masala Wok,"['indpak', 'chinese', 'asianfusion']",3,2,287,3.0,10940 Fairfax Blvd,Fairfax,VA
31,rfTSgbhmACtEwKsVIeoNlw,Super Pollo Charcoal Chicken,"['kebab', 'peruvian', 'chickenshop']",3,1,55,4.0,1327 Connecticut Ave Nw,"Washington, DC",DC
32,br6NjAEd2oeZoryqNMB2LA,VA kabob House,"['afghani', 'mideastern', 'halal']",3,2,353,4.0,7031 Brookfield Plz,Springfield,VA
33,UtuzV3njXfOAzjJbR2kOMw,Lasani Kabob,['pakistani'],1,2,114,3.0,8998 Lorton Station Blvd,Lorton,VA
34,qZkemHBong_CLaWCW76Dnw,Kabob Connection,"['mideastern', 'persian', 'indpak']",3,2,109,4.0,10300 Little Patuxent Pkwy,Columbia,MD
35,VO1jnrYSGFCGXxYHdu1r8w,Royal Palace Kabob,['pakistani'],1,2,158,3.5,6301 Little River Tpke,Alexandria,VA
36,HPct4WEWrkdhmvHqjvtBQQ,Hot Breads and Cakes,"['bakeries', 'indpak', 'customcakes']",3,1,179,3.5,70 Market St,Gaithersburg,MD
37,qKumcKEMsdk8srrvuW_wIw,Al-Zaytoun,['afghani'],1,2,358,4.0,13871 Smoketown Rd,Woodbridge,VA
38,n0lTjy1E1zAUO_n2LD6rbQ,Dessert Lounge,"['icecream', 'indpak', 'hotdogs']",3,1,75,3.5,348 Elden St,Herndon,VA
39,NY021uES5oCrLuxATx5YJw,Supper Club of India,['indpak'],1,2,36,3.5,364 Elden St,Herndon,VA
40,8EUSZjm9ZEZtcV08xwHajA,Punjabi Dhaba - Ooh La La...Kabobs & Curry,"['foodtrucks', 'indpak']",2,1,10,3.0,,"Washington, DC",DC
41,wZlxI1Psmg31JlPRVEmXiQ,NuVegan Cafe - College Park,"['vegan', 'juicebars', 'soulfood']",3,2,440,4.0,8150 Baltimore Ave,College Park,MD
42,bGOl_yy-9mOIaYmAyQFTsw,Calabash Tea & Tonic,"['coffee', 'vegetarian', 'cafes']",3,1,488,5.0,1847 7th St NW,"Washington, DC",DC
43,7_boNRitACSC73RB_2ascA,Sheesh Grill,"['halal', 'mideastern', 'afghani']",3,2,257,4.5,8190 Strawberry Ln,Falls Church,VA
44,yn_AY6kJSoe1GtxLbBzF8g,&pizza - E Street,"['pizza', 'vegetarian', 'vegan']",3,1,994,4.5,1005 E St NW,"Washington, DC",DC
45,58zJc0PG60CGhZXrGwe__A,Blue City Food,"['foodtrucks', 'indpak']",2,0,10,5.0,,Fairfax,VA
46,NWvyExav5wZptc9NP0EnVQ,Flower Child,"['salad', 'newamerican', 'vegetarian']",3,2,93,4.0,10205 Old Georgetown Rd,Bethesda,MD
47,Dapy8Mcn3CN_57-CvZ7iWQ,Café Divan,"['turkish', 'mediterranean', 'halal']",3,2,352,3.5,1834 Wisconsin Ave NW,"Washington, DC",DC
48,JwJMbF3Sj9_WVXigd6SgAw,Yekta Kabobi Restaurant,"['persian', 'wine_bars', 'kebab']",3,2,396,4.0,1488 Rockville Pike,Rockville,MD
49,J_VXRiPSeteA3euOT14k4w,Eastern Kabob Buffet,"['pakistani', 'kebab', 'buffets']",3,2,112,3.5,12945 Wisteria Dr,Germantown,MD
0,1pOJvxKoqVWN5r5si4NeIA,Super Grill,"['halal', 'hotdogs', 'peruvian']",3,1,120,4.0,2847 Gallows Rd,Falls Church,VA
1,iiFsCZCArcxd4CIfxSsVuA,Akmal's Kitchen,"['indpak', 'afghani']",2,2,2,3.0,5171 Lee Hwy,Arlington,VA
2,sfAnfo3N5F3Kszjn7Ui1tg,Sheba Ethiopian Restaurant,"['ethiopian', 'halal']",2,2,338,4.5,5071 Nicholson Ln,Rockville,MD
3,M0MwuzdEfg06H_OqN15LkA,King of Lucky Kabob,"['foodtrucks', 'indpak']",2,1,2,4.0,,"Washington, DC",DC
4,DrVizckBcOXIYjpKagtgdg,Mim's Food,"['halal', 'noodles']",2,0,63,4.5,9990 Main St,Fairfax,VA
5,D1M0BgjN6-Q0dW300_nerw,Eerkin's Uyghur Cuisine,"['halal', 'turkish']",2,2,219,4.0,4008 University Dr,Fairfax,VA
6,8t7OTmoHjiZkxtrvC_gxQg,Teaism Lafayette Park,"['asianfusion', 'bubbletea', 'gluten_free']",3,2,134,3.5,800 Connecticut Ave NW,"Washington, DC",DC
7,uPxaHQsTtZ-Km8arqPsPCA,Fancy Radish,"['newamerican', 'vegan']",2,3,285,4.5,600 H St NE,"Washington, DC",DC
8,d9sQ__GHQN79fvCLwW1ryQ,4 Seasons Pizza & Subs,"['tradamerican', 'pizza', 'indpak']",3,2,36,3.5,2219 Defense Hwy,Crofton,MD
9,1pxkg3o9fRPDDYtWIXEpyQ,Dunya Banquet & Restaurant,"['afghani', 'venues']",2,2,171,3.5,5951 Stevenson Ave,Alexandria,VA
10,te4_ZubMLFBvszq7Gn3ikA,KIRORAN,"['chinese', 'asianfusion', 'afghani']",3,2,151,3.5,10728 Fairfax Blvd,Fairfax,VA
11,GG4rcojXDRxLetZlRFMu3Q,Golden Corral Buffet and Grill,"['buffets', 'tradamerican']",2,2,131,3.0,7047 Arundel Mills Cir,Hanover,MD
12,88kzgawV_NX4J4fBqvdF5w,Afghan Kabob,"['halal', 'afghani', 'kebab']",3,2,163,4.0,6357 Rolling Rd,Springfield,VA
13,0Kzx4sOzoQpQVA8xKOwugA,Curry House,"['foodtrucks', 'indpak']",2,1,53,1.5,,"Washington, DC",DC
14,XTyPnBNYKf39FjuTaBT0cw,Aditi Spice Depot,"['tradamerican', 'indpak']",2,1,20,3.5,600 Carlisle Dr,Herndon,VA
15,H66V6CY2X3SEN8KMpT_UVg,Garden Cafe,"['french', 'british', 'buffets']",3,2,39,3.5,6TH And Constitution Ave NW,Washington DC,DC
16,5NbnD7gqzcmQ-qUjOKICnw,Dhaba Meals on Wheels,"['indpak', 'pakistani', 'foodtrucks']",3,0,6,2.0,7TH St SW,"Washington, DC",DC
17,8LOeAa8vwpfMlA60E650Ow,Prime Pizza & Grill,"['pizza', 'indpak', 'chicken_wings']",3,2,64,3.0,2902 Garber Way,Woodbridge,VA
18,-ebxoaNAEH0TGUy1dxYO_g,A Taste Of The World,"['indpak', 'thai', 'filipino']",3,2,154,3.5,283 Sunset Park Dr,Herndon,VA
19,BPZSoOGfUCLLRQ8mc_5ZPw,Sticky Fingers Sweets & Eats,"['bakeries', 'vegan', 'coffee']",3,1,905,4.0,1370 Park Rd NW,"Washington, DC",DC
20,ca6g6LtitHRtmzZYYPQw6A,True Food Kitchen,"['newamerican', 'vegetarian', 'vegan']",3,2,1439,4.0,2910 District Ave,Fairfax,VA
21,289_Y_bV6p_Ej1bfBOKvow,Halalco Supermarket,"['meats', 'halal', 'intlgrocery']",3,2,49,3.0,5918B Leesburg Pike,Falls Church,VA
22,zV4lywalabn7CDRbUoRhMw,Pi Pizzeria,"['pizza', 'gluten_free']",2,2,1712,4.0,910 F St NW,"Washington, DC",DC
23,FUlvu_T12mJF65P8NOWWlA,Brain Drain,['indpak'],1,0,1,1.0,406 1st St SE,"Washington, DC",DC
24,3QVL9aVebXg_1_LhaESBTg,Pizza Walay,"['pizza', 'halal']",2,0,118,3.5,504 H St NE,"Washington, DC",DC
25,rY-FEU0F9h_LL8wN0JZ09w,The Halal Guys,"['halal', 'mideastern', 'mediterranean']",3,1,308,3.5,2670 Avenir Pl,Vienna,VA
26,ZL1KrLwGW1xttscrDNvXzQ,Mola Curry House,"['foodtrucks', 'indpak']",2,0,3,3.5,,"Washington, DC",DC
27,-iMtxD2855n_Y3KAzQMqMw,United Desi Market,"['intlgrocery', 'halal']",2,1,8,3.0,946 Wayne Ave,Silver Spring,MD
28,MtjZw-6E0c_rWKjZL1dZBw,Shishkabob Express,"['mediterranean', 'buffets', 'mideastern']",3,2,133,4.0,11210 Lee Hwy,Fairfax,VA
29,tOt-btjGbjsHfJd-lZSHZQ,Sepho's,"['grocery', 'halal', 'butcher']",3,0,5,5.0,2830 Garber Way,Woodbridge,VA
30,emvrNActovc1GNgjXoZEcA,sweetgreen,"['salad', 'vegetarian']",2,2,109,4.0,1065 5th St NW,"Washington, DC",DC
31,qbbO_Eg8lTDCv_Sdv51Wsw,Charcoal Kabob,"['afghani', 'mideastern', 'halal']",3,2,486,4.0,394 Elden St,Herndon,VA
32,sCFzfLomC4v9OxkASqAODw,Koshary By Misteka,"['egyptian', 'mediterranean', 'vegan']",3,2,59,5.0,12250 Clarksville Pike,Clarksville,MD
33,U-G5q7uQrIHPlW9SV7riYw,Hot Pot Legend,"['hotpot', 'chinese', 'buffets']",3,2,301,4.5,595 Hungerford Dr,Rockville,MD
34,NNedlgPdbXt4MF_wbHNaGQ,Amina Thai,"['thai', 'halal', 'noodles']",3,2,422,4.0,5065 Nicholson Ln,Rockville,MD
35,EQK0WAJaTIjbIopUtnc_3g,Hunan Gate,"['chinese', 'buffets']",2,2,269,3.5,4233 Fairfax Dr,Arlington,VA
36,fnDgHUYUPvzT3bgO02oOrw,Taj Restaurant,['indpak'],1,2,3,2.5,622 Frederick Rd,Catonsville,MD
37,KLkyaFOyBhuYIKXTLzJV8g,Grill Kabob Express,"['afghani', 'salad', 'soup']",3,2,176,4.0,11213-J Lee Hwy,Fairfax,VA
38,oKHny_EoqeF8kXFzzm-ANA,The Halal Guys,"['mideastern', 'halal', 'mediterranean']",3,1,259,4.0,891 Rockville Pike,Rockville,MD
39,w2249Ph1HpNgNPdUqbZZEg,Granada Mediterranean Halal Restaurant,"['mideastern', 'mediterranean', 'halal']",3,2,127,3.5,368 Elden St,Herndon,VA
40,5o0sW_1XzHRglkwGy7RUtw,Maiwand Kabob,['afghani'],1,2,264,4.0,5467 Harpers Farm Rd,Columbia,MD
41,Znru2s0qYM6pSrbKN6ypJQ,The Halal Guys,"['halal', 'mideastern', 'mediterranean']",3,1,187,3.5,10625 Braddock Rd,Fairfax,VA
42,5PaAM7I3hBVnZTz818bfag,Kabob Corner,"['afghani', 'halal']",2,2,206,4.0,10893 Main St,Fairfax,VA
43,9_QiMVzWR4915kroJTNynw,Vegetable Garden,"['vegan', 'vegetarian', 'chinese']",3,2,197,4.0,3830 International Dr,Silver Spring,MD
44,CSjy1Yum2Pgx4yZwENLU1Q,Flower Child - McLean,"['newamerican', 'salad', 'vegetarian']",3,2,81,4.5,1656 Boro Pl,McLean,VA
45,RMN07id3vNDyw6N2YyODiA,Indian Delight DC,"['foodtrucks', 'indpak']",2,2,9,2.5,,"Washington, DC",DC
46,b6GmFkKKrlKYO7pEe2B96w,Mimi's Kabob - Clarksville,"['afghani', 'tradamerican']",2,2,130,4.0,12345 Wake Forest Rd,Clarksville,MD
47,6LI4QKNpdyeIKCfK-avlgQ,Reston Kabob,"['afghani', 'halal']",2,2,324,4.0,11830 Sunrise Valley Dr,Reston,VA
48,iShXa17Ndl2KEZ5b55ZY3g,Sakura Seafood and Supreme Buffet,"['buffets', 'seafood', 'chinese']",3,2,192,3.0,9031 Baltimore Ave,College Park,MD
49,5U5P-2FRyRawOO0E0_Wc1A,Washington Kabob & Indian Cuisine,"['foodtrucks', 'indpak']",2,2,19,2.0,820 First St NE,"Washington, DC",DC
0,Uuxej1hYdx7ZqxTpTD7phw,Khan Cuisine,"['foodtrucks', 'indpak']",2,0,4,2.0,,"Washington, DC",DC
1,cCOliBy1_NvQkyg8ghtsKA,Grill Kabob,"['mideastern', 'afghani', 'halal']",3,2,74,3.5,7101 Democracy Blvd,Bethesda,MD
2,dLlts1qAK6r93k9H_stOOg,Yuan Fu Vegetarian,"['chinese', 'seafood', 'gluten_free']",3,2,467,4.0,798 Rockville Pike,Rockville,MD
3,PUx_AioplmCH_JADf1lntw,Umami Mediterranean Kitchen,"['mediterranean', 'vegan', 'kebab']",3,2,147,4.0,712 Frederick Rd,Catonsville,MD
4,G4u2Yj8dFfvkoAcuyjTxrA,Bread & Kabob,"['mideastern', 'halal']",2,2,75,3.5,3407 Payne St,Falls Church,VA
5,9w0mMbju_6YyJEPk9FeYsg,&pizza - U Street,"['pizza', 'vegetarian', 'vegan']",3,1,659,4.0,1250 U St NW,"Washington, DC",DC
6,cc7f3_YBBQxoMxo_pY3SDQ,Afghan Grill Kabob,"['afghani', 'kebab']",2,2,80,3.5,13338 Minnieville Rd,Woodbridge,VA
7,s1YhXdZ-oMnfQ5Nt5k-FiQ,House of Kabob,"['buffets', 'bangladeshi', 'kebab']",3,0,7,3.0,701 Russell Ave,Gaithersburg,MD
8,uziuQoHvCcdq1cZgPW3zLQ,Maiwand Kabob,['afghani'],1,2,246,3.5,6131 Columbia Crossing Cir,Columbia,MD
9,s_hVrk3SRpnbZrWtXFdH3w,Olive Express,"['mediterranean', 'gluten_free', 'cafes']",3,1,76,3.5,1881 Campus Commons,Reston,VA
10,lWMoEJZ0oW5l0I-GDnMPGQ,Grill Kabob,"['mideastern', 'afghani', 'halal']",3,2,115,3.0,Tysons Corner Mall Food Ct,McLean,VA
11,Proq9h5swoyqV2G3WT2-vg,Grill Kabob Reston,"['afghani', 'mideastern', 'kebab']",3,2,60,3.5,11688 Plaza America Dr,Reston,VA
12,R6KkpayECAPVTNL1Jg_5dg,Food Corner Kabob House,"['afghani', 'mideastern']",2,2,243,3.5,8315-B Leesburg Pke,Vienna,VA
13,dz1dUngnxnkNoyCBA6c4AA,My Asian Pan - Halal,"['chinese', 'japanese', 'halal']",3,2,64,3.0,3974 Fettler Park Dr,Dumfries,VA
14,_nf_LAQITM0S3Pwz-iZY9g,Kabob and Curry,"['foodtrucks', 'indpak']",2,1,10,2.0,12TH St SW,"Washington, DC",DC
15,Tb_bs2TfKfyEhrgtaAeoxA,St. Veg,"['vegan', 'vegetarian', 'gluten_free']",3,2,196,4.5,14929 Shady Grove Rd,Rockville,MD
16,CWkG2K6ATdT4Wx-ZieUC_A,P.F. Chang's,"['chinese', 'asianfusion', 'gluten_free']",3,2,393,2.5,1716M International Dr,McLean,VA
17,WcOdfLk14rmWLIPkrT85gw,Darya Kabob,['kebab'],1,1,162,4.0,21800 Towncenter Plz,Sterling,VA
18,o8yFK_ZeHLdu-bJDvJ3MOQ,Hive Bar x &bar,"['vegan', 'vegetarian', 'pizza']",3,2,149,4.0,2224 F St NW,"Washington, DC",DC
19,YoAq1a5KHlL9vUIB-74D8w,Dulce Crepes,"['breakfast_brunch', 'vegan', 'acaibowls']",3,1,241,4.0,11217F Lee Hwy,Fairfax,VA
20,KlEzQTp4OKweCrSvQ8P9Aw,Cafe Rice & Kabob,"['mideastern', 'vegetarian', 'sandwiches']",3,2,116,4.0,47100 Community Plz,Sterling,VA
21,edzE_1Rg2ncOhNz3xQa34Q,Troys Italian Kitchen,"['pizza', 'italian', 'vegan']",3,2,116,4.0,2710-B Washington Blvd,Arlington,VA
22,Uuu2SjdghD_3ldsvpsfeVw,Fanoosh Kabob & Curry,"['foodtrucks', 'indpak', 'mideastern']",3,1,2,3.0,,"Washington, DC",DC
23,v0lKAcQmF8goU1tHnTE_sg,Asian Delight,"['foodtrucks', 'indpak']",2,0,2,1.0,,"Washington, DC",DC
24,Ny8t3FAiPi3N2SmC2jDteg,Young Chow Asian,"['chinese', 'japanese', 'vegetarian']",3,2,187,3.0,312 Pennsylvania Ave SE,"Washington, DC",DC
25,FsCp52joCds65P7E-zDXgA,sweetgreen,"['salad', 'vegetarian']",2,2,175,3.5,2905 District Ave,Fairfax,VA
26,2gk_Lp0eLjBuDA3hbXeG0A,Capital Eats - Punjabi Cuisine,"['foodtrucks', 'indpak']",2,0,1,2.0,,"Washington, DC",DC
27,0m9bQ19dZaiN25aHi9aCQw,Mirch Masala,['indpak'],1,1,69,3.5,7101 Democracy Blvd,Bethesda,MD
28,66ebGmI2a-2vx69PsOAppw,Desi Kabob & Veggie,"['foodtrucks', 'indpak']",2,0,2,2.5,,"Washington, DC",DC
29,gpED4iMJzTpTo4pae_585A,Grill Kabob,"['mideastern', 'halal', 'afghani']",3,2,58,3.5,6500 Springfield Mall,Springfield,VA
30,hMCvgOoAjifBZqKgIMm1WA,P.F. Chang's,"['chinese', 'asianfusion', 'gluten_free']",3,2,408,3.0,4250 Fairfax Corner Ave,Fairfax,VA
31,gujrcV70JVd2dWKBLeZYDA,Hamrock's Restaurant,"['newamerican', 'icecream', 'gluten_free']",3,2,264,3.5,3950 Chain Bridge Rd,Fairfax,VA
32,um6BMlvfsdJPGlD36HrvSA,Lucky Kabob Food Truck,"['foodtrucks', 'indpak']",2,0,3,2.0,1000 4th St SW,"Washington, DC",DC
33,THpvo0BBeeyTDyOXV84WEg,Flower Child,"['salad', 'newamerican', 'vegetarian']",3,2,114,4.0,2112 Pennsylvania Ave NW,"Washington, DC",DC
34,YKQV3jWLube1MbrkGV5HWw,Elevation Burger,"['burgers', 'newamerican', 'vegetarian']",3,1,423,3.0,442 S Washington St,Falls Church,VA
35,QBgGlRhti1ALQ8NlJfKvAg,Sweet Sosumba Jamaican Vegan Cafe,"['vegan', 'caribbean']",2,0,87,4.5,3501 Georgia Ave NW,"Washington, DC",DC
