0,ix6wIYOKgQNLr8Nf4SDc6w,Swaad Indian Cuisine,['indpak'],1,2,682,4.0,498 N 13th St,San Jose,CA
1,fuQOU_6-sjCuitcCvtYOvw,Punjab Cafe,['indpak'],1,2,1039,4.0,322 E Santa Clara St,San Jose,CA
2,xW0PxJjvykdpUn3iLdjyEw,Everest Cuisine - San Jose,"['indpak', 'himalayan']",2,0,4,5.0,2092 Concourse Dr,San Jose,CA
3,9so8PQIG3Q-6mXQg5756CQ,Sam and Curry,['indpak'],1,0,10,5.0,1751 N 1st St,San Jose,CA
4,DSKKwbvVmsrgUyKb53Aggg,Puranpoli,"['vegetarian', 'indpak']",2,0,544,5.0,3074B Scott Blvd,Santa Clara,CA
5,lqX4Y44HufHN86aKKlZjcQ,Karimi Restaurant,"['indpak', 'halal', 'pakistani']",3,2,372,4.5,1086 N 1st St,San Jose,CA
6,4y7iDnEY30VDIjUx4NvNiA,Mehak Of India,['indpak'],1,2,351,4.0,311 N Capitol Ave,San Jose,CA
7,TZ8RP4fC8hYtHtUbvx1_rA,Curry On,['indpak'],1,2,230,4.5,241 E Santa Clara St,San Jose,CA
8,gSG0U7zwZGAoo4LC-BiBIQ,Vantillu Vizag,"['indpak', 'vegetarian']",2,0,8,5.0,1201 E Julian St,San Jose,CA
9,YIzrlmqLR_ebL6uF6y6nZw,Naan & Curry,"['indpak', 'halal', 'wraps']",3,2,493,4.0,375 Saratoga Ave,San Jose,CA
10,ZsjzxW5eN1SzojrgD4894A,Rangoli India Restaurant,['indpak'],1,2,1160,3.5,3695 Union Ave,San Jose,CA
11,luj6QJYgI4XkAR_t8SFxvQ,8Elements Perfect Indian Cuisine,['indpak'],1,2,918,3.5,1781 E Capitol Expy,San Jose,CA
12,2wZfJRZkqQ2V8_GZjlekJQ,New Indian Cuisine,['indpak'],1,2,480,4.0,895 Willow St,San Jose,CA
13,AkQpmOS0slEVdxW5qdmP2g,Namaste,['indpak'],1,2,138,4.5,35 E Main St,Los Gatos,CA
14,Rj7wBSP9YS3_JycTW40-dQ,Chaat Cafe,"['indpak', 'halal']",2,2,687,3.5,834 Blossom Hill Rd,San Jose,CA
15,BYkAddIekyIMEViteJ4tLA,Pyar Restaurant,"['indpak', 'cocktailbars']",2,0,52,4.5,4898 San Felipe Rd,San Jose,CA
16,QfYs8r6MzsY9S3_NBtM3mA,Gulzaar Halal Restaurant & Catering,"['mideastern', 'pakistani', 'afghani']",3,2,1036,4.5,1880 W San Carlos St,San Jose,CA
17,elUkdywbupqMhSGOQ5W6pw,Emperor of India,['indpak'],1,2,416,3.5,5825 Cottle Rd,San Jose,CA
18,zAa2KWVQjqxek06LI4kf9g,Spice N Flavor,['indpak'],1,1,181,4.5,301 N Jackson Ave,San Jose,CA
19,D4PT90tVAHWwIWAoXxT9Cw,SpiceKlub - Cupertino,['indpak'],1,0,57,4.5,10310 S De Anza Blvd,Cupertino,CA
20,PZF7G34TcAstWzNyGy3knA,Rajjot Indian Cuisine And Sweets,['indpak'],1,1,145,4.0,3327 San Felipe Rd,San Jose,CA
21,cK5RYxizSBerq1_3KNCvTQ,Sankranti,['indpak'],1,2,1258,4.0,727 S Wolfe Rd,Sunnyvale,CA
22,bQXbJyf1I6JKH84Hl--nNA,Indian Tadka,['indpak'],1,0,88,4.5,1082 E Elcamino Real,Sunnyvale,CA
23,Ujz9sBlVatAFRyeEYo3YWQ,Spice Of America - San Jose,"['indpak', 'halal', 'himalayan']",3,0,3,4.5,55 River Oaks Pl,San Jose,CA
24,rKFr0WSjcSvtfmiUFm5Lew,A2B Indian Vegetarian Restaurant,"['indpak', 'vegetarian']",2,0,129,4.0,55 River Oaks Pl,San Jose,CA
25,599W_uz1sWXjj13AP-4zGA,desi,"['indpak', 'cocktailbars', 'venues']",3,2,214,4.0,501 E Campbell Ave,Campbell,CA
26,gVQD67fN10BqWPt8tknRYA,Tandoori Fusion Grill,['indpak'],1,2,167,4.0,225 E Santa Clara St,San Jose,CA
27,1JfgNHoXNOzNtVEJJnCxWw,Kabila Sweets and Restaurant,['indpak'],1,2,255,4.5,3064 El Camino Real,Santa Clara,CA
28,ik0d1TBT2UtSHSDL71Bgxw,UlavacharU Tiffins,"['indpak', 'vegetarian', 'catering']",3,1,142,4.5,3530 El Camino Real,Santa Clara,CA
29,2cCC3wZonaYsUtUAmto3BQ,Tandoori Flames,"['indpak', 'desserts', 'seafood']",3,0,42,4.5,110 Cochrane plaza,Morgan Hill,CA
30,x0DX2qsBTikXJSDRVex15Q,Jubba Restaurant,"['halal', 'somali']",2,2,1149,4.5,5330 Terner Way,San Jose,CA
31,nmRQqTqNReyM8CCCw4dWJQ,The Mynt,"['indpak', 'desserts']",2,2,606,3.5,5210 Prospect Rd,San Jose,CA
32,ud9ocsQHI7h3zNO7FdOFYQ,Zareen's,"['halal', 'indpak', 'pakistani']",3,2,1803,4.5,1477 Plymouth St,Mountain View,CA
33,LHJrCxyL9GkiPSEJtCCJ7Q,Urban Momo,['himalayan'],1,2,233,4.5,100 N Almaden Ave,San Jose,CA
34,YwsB7CTQF082PLtqF3wjCQ,Ettan,['indpak'],1,3,225,4.5,518 Bryant St,Palo Alto,CA
35,YR5T_KQif__3-Omp96fUCA,GumaGumalu,['indpak'],1,0,107,4.5,46531 Mission Blvd,Fremont,CA
36,-SfGGQrfeA21f10rLEnBbQ,Hyderabad Dum Biryani,"['indpak', 'halal']",2,2,564,4.0,55 Dempsey Rd,Milpitas,CA
37,8G-jH2fJ-4DsRSjkAhzd6Q,Annapoorna Authentic Indian Cuisine,"['indpak', 'vegetarian']",2,2,92,4.0,770 E Tasman Dr,Milpitas,CA
38,fV2jmhZ0my_HJuA1MFIW6Q,Chaats And Currys,"['indpak', 'halal', 'hotdogs']",3,2,1018,4.0,520 Lawrence Expy,Sunnyvale,CA
39,nrDhf9Tgm-dFM7YBLFSm-w,Pani Puri Company,['indpak'],1,1,60,4.5,3157 El Camino Real,Santa Clara,CA
40,DX58UgHggkDWH2IXVKoZ-A,Curry Up Now,"['indpak', 'vegetarian', 'gluten_free']",3,2,747,3.0,3250 Zanker Rd,San Jose,CA
41,IREu_j9OPtmSjCimq42Azw,The Everest Momo,"['himalayan', 'indpak', 'dimsum']",3,1,113,4.5,425 S Winchester Blvd,San Jose,CA
42,gmr314oZJjLA_ApHDMtvlg,Chennai Kings Express,['indpak'],1,2,181,3.0,457 E San Carlos St,San Jose,CA
43,0TiyHOZJp3J3B5_5ZRnzAg,IDK Eatz Catering & Personal Chef Services,"['catering', 'personalchefs', 'indpak']",3,0,20,4.5,949 Ruff Dr,San Jose,CA
44,iUOMQ8yO4svfvLuLH-bIgA,Aurum,['indpak'],1,0,34,4.5,132 State St,Los Altos,CA
45,vewMRqAUCCIsBycZ34G3ow,Lahori Restaurant,['pakistani'],1,1,77,4.5,1202 E Santa Clara St,San Jose,CA
46,QaxHp_LOZwwU_VZAdzF3OQ,Annachikadai,['indpak'],1,2,456,4.0,80 W El Camino Real,Mountain View,CA
47,Rv8I7CFH-c8FZ6aKnwnzIA,Amber India Restaurant,['indpak'],1,3,1283,3.5,377 Santana Row,San Jose,CA
48,yCN5_a1mRhxf1D7wW9nabA,Vijayawada Biryani Point,['indpak'],1,0,27,4.5,2636 Homestead Rd,Santa Clara,CA
49,3KwEYNjxSpZSl4NJGsDhrg,Jewel of India,"['indpak', 'desserts', 'seafood']",3,1,347,3.5,2634 Alum Rock Ave,San Jose,CA
0,japjOf5rqg-9nsOGjWjHiA,Peacock Indian Cuisine,['indpak'],1,1,225,3.0,2760 Aborn Rd,San Jose,CA
1,xisbDQUw5WbgG61tYilngA,New Tandoori Cafe,"['indpak', 'pakistani']",2,2,671,3.5,5134 Stevens Creek Blvd,San Jose,CA
2,-nDxgySsrTlzbjEc8HuJKA,Malabar Coast,['indpak'],1,0,118,4.0,2777 El Camino Real,Santa Clara,CA
3,Agj2VmR-jyGnL_SlzUbv-w,Abhiruchi,"['indpak', 'vegetarian', 'breakfast_brunch']",3,1,189,4.0,893 E El Camino Real,Sunnyvale,CA
4,X7GqGhp7GaSrWseBbBrG2A,UlavacharU,"['indpak', 'desserts', 'seafood']",3,2,1890,4.0,685 E El Camino Real,Sunnyvale,CA
5,pBmVS5S3kDG8pNehjb5xxQ,Madras Cafe,"['indpak', 'vegetarian']",2,1,1687,4.0,1177 W El Camino Real,Sunnyvale,CA
6,p0Y8wqPD_JVSEWuEovKXqQ,Masala Desi Cafe,"['indpak', 'coffee']",2,0,8,5.0,2137 Roosevelt Ave,Redwood City,CA
7,7VFi_m6xNv2oXiGfOy1ZkQ,Star Udupi Cafe,"['vegetarian', 'indpak']",2,2,186,4.0,2690 El Camino Real,Santa Clara,CA
8,BYFGYvLARt3N0cyw-F3Nyg,Great Indian Cuisine,"['indpak', 'vegetarian', 'halal']",3,2,563,4.0,2026 Agnew Rd,Santa Clara,CA
9,7R84GWHYCA4rwy4i5OD_BA,Curriz & Grill,['indpak'],1,2,82,4.5,1191 E Arques Ave,Sunnyvale,CA
10,AbcqhrPrlGTkRKWZLhtIvw,AappaKadai,['indpak'],1,2,499,3.5,3075 El Camino Real,Santa Clara,CA
11,j2JDQWclBUu5Y2X61QQnew,Dosa Point,"['indpak', 'halal']",2,2,104,4.5,840 Willow Rd,Menlo Park,CA
12,Leb2G782JgsX7irk5yomRw,Kathmandu Cuisine,"['himalayan', 'indpak']",2,0,148,4.5,138 S Main St,Milpitas,CA
13,YxeuxO6BDefPADHO6axjSw,Little India,['indpak'],1,2,237,4.5,1340 1st St,Gilroy,CA
14,4H9BQWOBBpEOu40WtFAzcw,Sri's Kitchen,['indpak'],1,1,199,3.0,3730 N 1st St,San Jose,CA
15,hpVcB0Fh67qjqbQSNruJ1A,Bombay Street Food,"['indpak', 'halal']",2,0,38,3.5,41035 Fremont Blvd,Fremont,CA
16,uQkrc4wtc29zMIfuhnEFpw,Parktown Pizza Company,"['indpak', 'pizza', 'sportsbars']",3,0,44,4.0,3039 Meridian Avenue,San Jose,CA
17,Vq_jMXXLhjmPSr4Gc4l4xQ,Bandi Biryani,['indpak'],1,0,47,4.0,808 W El Camino Real,Sunnyvale,CA
18,g6caeTmJW8A8678Sni-jVA,Desi Tadka & Chaat & Dosa,"['indpak', 'breakfast_brunch']",2,0,2,4.5,954 E El Camino Real Rd,Sunnyvale,CA
19,TiRJUIDQyjIatt-msTSkQw,Kabab and Curry's,"['indpak', 'pakistani', 'halal']",3,2,1489,3.5,1498 Isabella St,Santa Clara,CA
20,1QJiMa54JzE3uuWhjs0EJg,Naan N Masala,['indpak'],1,1,1587,3.5,94 S Dempsey Rd,Milpitas,CA
21,6KaP6iWhIC7Rvce3eYJv6A,Ambrosia India Bistro - Scotts Valley,['indpak'],1,2,277,4.5,6006 La Madrona Dr,Scotts Valley,CA
22,28LKJRdt7UA1NkwnOf-H3Q,Indian Street Cafe,['indpak'],1,2,39,2.5,50 Skyport Dr,San Jose,CA
23,3b0yY-kCOG-1Eq9oamlSzw,Zareen's,"['indpak', 'halal', 'pakistani']",3,2,1298,4.5,365 S California Ave,Palo Alto,CA
24,cysMX_BG4hl7VjETg2jKvQ,Red Chillies,"['indpak', 'buffets']",2,2,606,4.0,167 S Main St,Milpitas,CA
25,FFnDIW-s3p_nwUjE4IMe2Q,Paradise Biryani Pointe,['indpak'],1,2,847,3.0,2961 El Camino Real,Santa Clara,CA
26,1bOP1Yzx0A8ekLfAlfXqdA,Delhiwala Chaat,"['foodtrucks', 'indpak', 'vegetarian']",3,1,303,4.5,590 Old San Francisco Rd,Sunnyvale,CA
27,ct3SE4E66f3biWy9ExQTmQ,Chaat Palace,"['foodtrucks', 'indpak']",2,1,100,4.5,1188 S De Anza Blvd,San Jose,CA
28,v5q7IydFoH_VneyaPFfdIQ,Champa Kitchen,"['halal', 'vietnamese', 'asianfusion']",3,2,151,4.5,5560 Monterey Rd,San Jose,CA
29,vJbbZX9tAuOxJ4omrnhKqw,Sagar Sweets Restaurant,['indpak'],1,1,158,3.5,146 George St,San Jose,CA
30,I5zWMBrBKutosdevR2Mrzg,Anjappar Chettinad Indian Restaurant,['indpak'],1,2,403,3.0,777 Lawerence Expy,Santa Clara,CA
31,mqNAABqv9YTavc5LPCOYoQ,Royal Taj,['indpak'],1,2,361,3.5,1350 Camden Ave,Campbell,CA
32,kDmSHnqC3jaGKY-1b7PZjg,Indian Vegan Basudeva Cuisine,"['indpak', 'vegetarian', 'vegan']",3,0,2,5.0,425 N Whisman Rd,Mountain View,CA
33,JDZKa-jQm-N9zZw-VRIGrA,Lados,"['halal', 'pakistani', 'indpak']",3,1,288,4.5,115 Plaza Dr,Sunnyvale,CA
34,ADuOd1FlfkjPxKjdO-f6Nw,The Yellow Chilli by Sanjeev Kapoor,['indpak'],1,2,565,3.0,3555 Monroe St,Santa Clara,CA
35,nHoITBMxUb3ocu9TcDja1A,Kish Indian Kitchen and Bar,"['indpak', 'wine_bars']",2,2,80,4.0,4150 Great America Pkwy,Santa Clara,CA
36,wcbJItgkFFbLg1v_-763sg,Dindigul Thalappakatti Restaurant,['indpak'],1,2,456,3.0,252 Ranch Dr,Milpitas,CA
37,6ljbV2OQ4-TZ34831OfxLw,The Gurkha Kitchen,"['himalayan', 'indpak']",2,0,136,4.5,1342 S Mary Ave,Sunnyvale,CA
38,M5a76RmLKpmqC1tgNPdUwQ,Santhy 5 Star Biryani,"['foodtrucks', 'indpak']",2,0,10,4.0,2025 Hamilton Ave,San Jose,CA
39,B_AY-8_hQA-jljIuFBMATA,Shan Restaurant,"['indpak', 'pakistani', 'halal']",3,2,209,3.0,4140 N 1st St,San Jose,CA
40,4HTVIV7abuCJ1K0rHe2_qQ,Curry Curry Curry,['indpak'],1,0,1,2.0,18 S Abbott Ave,Milpitas,CA
41,h0Wd2DVHIY6VN534vP0KGQ,Diptis Kitchen,"['catering', 'indpak']",2,0,8,4.0,,San Jose,CA
42,cC8WVp58excxpmc4LcekIw,Deedee's,"['buffets', 'indpak']",2,2,469,3.5,341 Lafayette St,Santa Clara,CA
43,CuOztygfuIXQmmb9MCJFkw,Palamuru Grill,['indpak'],1,2,143,3.5,1855 El Camino Real,Santa Clara,CA
44,ZkIUemHNfLxDve66bb94bQ,Taste of South Asia,"['halal', 'bangladeshi', 'grocery']",3,0,32,4.5,2824 S White Rd,San Jose,CA
45,jZVjf1cL4jPk2h3IJv_5_g,Kokila's Kitchen,['indpak'],1,1,73,2.5,1427 Branham Ln,San Jose,CA
46,R70kF3HWW64DdyJl4Ou8ag,Everest Cuisine,"['indpak', 'himalayan', 'buffets']",3,2,397,4.0,425 N Whisman Rd,Mountain View,CA
47,LtIEogQDbjJ6MtlsjXjE4w,Little India Cafe,"['indpak', 'cafes']",2,2,722,4.0,415 N Mary Ave,Sunnyvale,CA
48,f_7j8igzi-KVLOVepiOeMw,IGrill Kebabs and Biryani,"['indpak', 'halal', 'catering']",3,2,296,4.0,3170 De La Cruz Blvd,Santa Clara,CA
49,gKxvRUEC20VVIbPr-OouUw,Rangoli Flavors Of India,"['indpak', 'buffets', 'seafood']",3,2,571,4.0,43852 Pacific Commons Blvd,Fremont,CA
0,PiaOGLQobwM26j4YQuS3vA,Mumbai Local,"['indpak', 'lounges', 'danceclubs']",3,2,109,3.0,98 S Second St,San Jose,CA
1,VWwG1S22huw2LWLYC_GSWw,Dawat Biryani Palace,['indpak'],1,2,120,3.5,2092 Concourse Dr,San Jose,CA
2,F0tCu8jvudfSP-N6XGa-JA,Brundavan,['indpak'],1,0,28,3.5,2798 El Camino Real,Santa Clara,CA
3,RpguAg_6saWeeKLkM8EnPA,Ruchulu Indian Restaurant,['indpak'],1,2,23,3.5,30 E Santa Clara St,San Jose,CA
4,VsC56CP--UQOQQtyWPP1rw,Kettle'e,"['indpak', 'bakeries', 'breakfast_brunch']",3,1,280,3.5,1610 El Camino Real,Santa Clara,CA
5,23dvbpp8C6eRYev8gxtHxA,Indian Express,"['foodtrucks', 'halal', 'indpak']",3,1,22,4.5,N 1st St,San Jose,CA
6,_S1Vw9u_CM0j32dNZ3my6A,ROOH Palo Alto,"['indpak', 'breakfast_brunch', 'wine_bars']",3,3,164,4.0,473 University Ave,Palo Alto,CA
7,EE0yI1GeJmKGasn82-5jxg,Rajwadi Thali,"['indpak', 'vegetarian']",2,2,641,3.5,573 E El Camino Real,Sunnyvale,CA
8,PYhhL8CVpYLfX39IqJpWqg,Ritha Indian Restaurant,['indpak'],1,0,91,4.5,939 Edgewater Blvd,Foster City,CA
9,1BM22a4b0URq-BrA1AevdA,Mirch Masala,['indpak'],1,2,423,4.0,80 Ranch Dr,Milpitas,CA
10,i3VsfKndpLFTSS47ZAx1KA,Momo Grill,"['halal', 'himalayan']",2,2,157,4.5,12100 Saratoga Sunnyvale Rd,Saratoga,CA
11,EenmOl8iojM2LcThO5NuDQ,Zareen's,"['indpak', 'pakistani', 'halal']",3,0,76,4.5,2039 Broadway,Redwood City,CA
12,YVdJ_wMGMciXqKbzDM6e8g,Bhavika's Indian Vegetarian Food,"['indpak', 'vegetarian']",2,1,168,3.5,1053 E El Camino Real,Sunnyvale,CA
13,kcmOYC_GcAejftcoRTZrTQ,Urban Kitchen,"['indpak', 'burgers', 'kebab']",3,1,188,4.0,5855 Jarvis Ave,Newark,CA
14,YJyNlg9VUcn16jl2NLb2Qg,Chaat Bhavan - Sunnyvale,"['indpak', 'vegetarian']",2,2,979,3.5,976 E El Camino Real,Sunnyvale,CA
15,Oca9YnoFZ3gmzAcjpbgfDQ,Paradise Biryani Pointe,['indpak'],1,2,144,3.5,560 N Abel St,Milpitas,CA
16,r-RImBlPkvHT6CkJUiiBjQ,Satkar Indian Cuisine,['indpak'],1,2,729,4.0,1253 W El Camino Real,Sunnyvale,CA
17,HPI_Is8-PMEblwVx16q-qA,Bezawada,['indpak'],1,2,308,3.5,127 Dixon Rd,Milpitas,CA
18,CAH7-hCIwYwAyisDtG1vOA,Broadway Masala,['indpak'],1,2,739,4.0,2397 Broadway St,Redwood City,CA
19,028aRb4TBxlhRnN0NmgkWg,Saravana Bhavan,"['indpak', 'vegetarian']",2,2,246,2.0,438 Barber Ln,Milpitas,CA
20,nriv3Qf50wJtPTot_WNYhQ,Mantra India Mountain View,"['indpak', 'buffets']",2,2,409,4.0,288 Castro St,Mountain View,CA
21,VO_tR6YkmDTqiZRhfxRObQ,New Delhi Chaat,"['foodtrucks', 'vegetarian', 'indpak']",3,1,146,4.5,1175 E Homestead Rd,Sunnyvale,CA
22,nHCBcbPEu2lG3Sd_YllJiw,Delhi Chaat,"['indpak', 'vegetarian', 'streetvendors']",3,1,326,4.0,725 E Elcamino Real,Sunnyvale,CA
23,mAxjLUY9B3_eCudjq-jZ9w,Madurai Idli Kadai,"['indpak', 'vegetarian']",2,1,849,3.0,744 S Wolfe Rd,Sunnyvale,CA
24,kQEPAzL76d_4F8RJwpmYCQ,3-3-3,"['korean', 'foodtrucks', 'indpak']",3,1,185,4.0,,Fremont,CA
25,153v5RZoJIJQpSfSVMFPDA,Indian Street Cafe,['indpak'],1,2,933,3.5,927 E Arques Ave,Sunnyvale,CA
26,UIOTcfnfvJjGTKub6zESrw,Tasty Pizza,"['pizza', 'indpak', 'chicken_wings']",3,2,203,4.5,21000 Stevens Creek Blvd,Cupertino,CA
27,FYu54UxJzJuM10h0epAtgw,Parktown Pizza Company,"['pizza', 'sportsbars', 'indpak']",3,2,487,4.0,1350 S Park Victoria Dr,Milpitas,CA
28,IpGh-1JIRgMVfwVX8Hzg4w,SpiceUp - Kababs & Biryani,"['indpak', 'halal']",2,0,1,5.0,2725 El Camino Real,Santa Clara,CA
29,CaA3H63urW_sOoupkiEvvg,Ugadi,"['indpak', 'vegetarian', 'vegan']",3,2,345,3.5,950 W El Camino Real,Sunnyvale,CA
30,hpZ4XFRVIi0krCB86uzYgg,Sakoon,['indpak'],1,2,174,3.0,3701 El Camino Real,Santa Clara,CA
31,dTvTZ4agZo66oy4WlWfDtA,Masala Theory,"['foodtrucks', 'indpak']",2,0,5,4.0,350 E Plumeria Dr,San Jose,CA
32,AXr4FZJHg5d964RWnWNPnA,Chaats & Currys Pizza  Express,"['pizza', 'halal', 'indpak']",3,0,43,4.5,307 N Fair Oaks Ave,Sunnyvale,CA
33,LOHEcONWIfmT6OKX3x-oKw,Avachi Biryani House,['indpak'],1,2,85,3.5,10251 S De Anza Blvd,Cupertino,CA
34,lvYq2gLqYGQIEoWQ9E5H3w,Darbar Indian Cuisine,['indpak'],1,2,848,4.0,129 Lytton Ave,Palo Alto,CA
35,HrbKLiVdMpyeAZBA_b1DrQ,Biryani 'n' Tadka,['indpak'],1,2,152,3.5,61 Serra Way,Milpitas,CA
36,4zU4S0ytHfl4vcmMbW2rhQ,Mortar & Pestle,"['cocktailbars', 'indpak']",2,2,176,4.0,3250 Zanker Rd,San Jose,CA
37,dACXo19AxFrTNiG1eWoF9w,Ananda Bhavan,"['indpak', 'vegetarian']",2,2,991,3.5,920E Arques Ave,Sunnyvale,CA
38,WxBQVwYlZDgYtdf5gIpZJQ,Chaat House,['indpak'],1,1,134,3.5,21267 Stevens Creek Blvd,Cupertino,CA
39,V0_k473JEej906mxgmo3Ug,Madhuram,"['indpak', 'halal']",2,2,103,4.0,36472 Fremont Blvd,Fremont,CA
40,HJbHMaeOXLFQSaUjCXjLOg,Shah Restaurant,"['indpak', 'pakistani']",2,1,756,3.5,962 W El Camino Real,Sunnyvale,CA
41,Ddzll9PS4mtpNu880obSnQ,Raj Palace,['indpak'],1,1,102,3.0,2860 Quimby Rd,San Jose,CA
42,SNXfkx3EAyIZPEUUYAS15g,Tirupathi Bhimas,"['vegetarian', 'indpak']",2,2,487,3.0,1208 S Abel St,Milpitas,CA
43,_0A9arAw1IZYCxldZf9CMA,Chaat House,"['indpak', 'vegetarian']",2,1,185,3.5,889 E El Camino Real,Sunnyvale,CA
44,mUq5F9HkDShPmzyB-g4GAg,Radhe Chaat,"['indpak', 'vegetarian', 'hotdogs']",3,2,108,3.5,934 East El Camino Real,Sunnyvale,CA
45,xH3QpLuDWfUa9OiuJJsq9A,Inchin's Bamboo Garden,"['asianfusion', 'chinese', 'indpak']",3,2,639,2.5,55 River Oaks Pl,San Jose,CA
46,e1CGMCEqSHeti51WSxYOlQ,Dosateria,['indpak'],1,2,93,3.5,20955 Stevens Creek Blvd,Cupertino,CA
47,FGFmbv5LHaOjqJF8W9qpyQ,Bongo's,"['indpak', 'bangladeshi']",2,2,208,4.0,39407 Fremont Blvd,Fremont,CA
48,lLF85IwyJRNlVzdt2nKADg,Pav Bhaji Hut,"['foodtrucks', 'indpak', 'vegetarian']",3,1,574,4.0,1201 Lawrence Station Rd,Sunnyvale,CA
49,Qmu7-IR9dq-nQaQXOPNBmQ,Biryani Stop Indian Cuisine,"['indpak', 'halal', 'buffets']",3,0,63,3.0,2565 N 1st St,San Jose,CA
0,3hOG1TQKCuSpynqXJyrMvQ,Golkonda Indian Cuisine,['indpak'],1,2,123,3.5,5350 Great America Pkwy,Santa Clara,CA
1,gF7wn20_Zppm2MtOIYqEsg,My Indian Pizza,"['pizza', 'indpak', 'italian']",3,2,203,4.5,939 W Elcamino Real,Sunnyvale,CA
2,bWmk1Bx-Ad7NxGbKryeYjQ,Anjappar Chettinad Indian Restaurant,['indpak'],1,2,932,2.5,458 Barber Ln,Milpitas,CA
3,nI28-1V2ynropjYF_e_kSw,Himalayan Kitchen,"['himalayan', 'indpak']",2,2,1167,3.5,820 E El Camino Real,Mountain View,CA
4,gviHU6-Sa2qSjzmyj04-NQ,Mangoes Indian Cuisine,"['halal', 'indpak']",2,2,168,3.5,2725 El Camino Real,Santa Clara,CA
5,wrC3lWAiBKoHAHMdK9iRbQ,Kosta Curries,"['catering', 'indpak']",2,0,2,5.0,10 N Main St,Milpitas,CA
6,-SypeXuCTmLkoaOlTPdxsg,Saravanaa Bhavan,"['indpak', 'vegetarian']",2,2,1108,3.0,1305 S Mary Ave,Sunnyvale,CA
7,Pyc8bt2AZsUuY2-8LQPLaQ,Bay Area Pizza,"['pizza', 'italian', 'indpak']",3,2,175,4.5,2898 Homestead Rd,Santa Clara,CA
8,tcQpN3rG3ktGmO2NH-OexA,Namaste Nepal Food Truck,"['foodtrucks', 'indpak', 'himalayan']",3,1,239,4.5,1288 W El Camino Real,Mountain View,CA
9,hmCJQVxWsafpXHkTk9wUtA,Mr Biryani,['indpak'],1,0,57,3.5,1469 Landess Ave,Milpitas,CA
10,QChz0-DQhe7HqothqSW3jQ,Tasty Subs & Pizza,"['pizza', 'indpak', 'italian']",3,2,856,3.5,528 Lawrence Expy,Sunnyvale,CA
11,k3Y9MYFL8tfkDfo_qQKT-g,Pakwan Restaurant,"['indpak', 'pakistani']",2,2,892,3.5,41068 Fremont Blvd,Fremont,CA
12,p5OWwr5iJl1no0B7Fr3Rww,Biryani & Kababs,['indpak'],1,1,314,3.5,897 E El Camino Real,Sunnyvale,CA
13,2fP4o9uRvQcQ1V9l4bRfHg,Kings Of Punjab,['indpak'],1,1,265,3.5,1635 Hollenbeck Ave,Sunnyvale,CA
14,w_zUUGPZWluduIICkDKdSQ,Biryaniz - Milpitas,"['indpak', 'halal']",2,2,564,3.0,18 S Abbott Ave,Milpitas,CA
15,DdNT5YjAZDfIQFX4QF78PQ,Rajwadi Thali Chaat & Sweets - Fremont,"['indpak', 'vegetarian', 'vegan']",3,0,37,4.0,3352 Mowry Ave,Fremont,CA
16,9bdBvudEiFdwFeSFr4JvTQ,Swaraj India,"['indpak', 'foodtrucks']",2,2,190,4.0,,Milpitas,CA
17,m0wS-hBbd02ZVxOttxRjHA,Shan,"['indpak', 'pakistani', 'halal']",3,1,284,3.0,3739 El Camino Real,Santa Clara,CA
18,xFvjYBSRSlYiIl4-kKKP2A,Vege Dhaba,"['foodtrucks', 'indpak']",2,0,12,4.5,,Hayward,CA
19,O1WZN0gDZuIV1JOuhkB3zg,Mumbai Chowk,"['indpak', 'coffee']",2,2,797,3.5,35144 Newark Blvd,Newark,CA
20,I_UEynqoxtePIprUjk0Ggg,B&B Bhojanam and Biryani Indian Restaurant,['indpak'],1,0,26,3.5,131 Ranch Dr,Milpitas,CA
21,srBchC4ngf1sRefmSGseJA,Walia Ethiopian Cuisine,"['ethiopian', 'gluten_free', 'vegetarian']",3,2,1493,4.5,2208 Business Cir,San Jose,CA
22,SwoyfnpMUFPEybAhpiRTvg,Royal Chaat,"['foodtrucks', 'indpak']",2,0,23,5.0,750 Bernardo Ave,Sunnyvale,CA
23,L0k3b3fTzaFaUwR9f4oKwQ,Hyderabad Dum Biryani,"['indpak', 'halal', 'seafood']",3,0,45,4.5,42318 Fremont Blvd,Fremont,CA
24,lAYTvrQ7P3n_k5c8m_MQNQ,Swathi Tiffins,['indpak'],1,1,250,3.0,1202 Apollo Way,Sunnyvale,CA
25,DwF1fPz24weB7wPpZHe2zA,Shalimar Restaurant,"['indpak', 'pakistani']",2,2,1522,3.5,3325 Walnut Ave,Fremont,CA
26,9u_pjfFUGp3dWY_gsgQY0A,Johal Chaat and Curry,"['foodtrucks', 'indpak']",2,0,121,4.0,1205 Lawrence Station Rd,Sunnyvale,CA
27,oKm912E9HNdehISnGSkzvw,Asian Momo House,"['foodtrucks', 'indpak']",2,1,58,4.0,153 E Fremont Ave,Sunnyvale,CA
28,KMbHgfgTocjDBHs3_9d_Fw,AappaKadai,['indpak'],1,2,532,3.5,1105 W El Camino Real,Sunnyvale,CA
29,Pj3XWI3sn2licSaTd3pFIA,Madina Market & Grill,"['grocery', 'halal', 'kebab']",3,0,30,5.0,1711 Branham Ln,San Jose,CA
30,pWhmkMJ9Hd9eAizcH2wnBQ,Spice Up Indian Kitchen,['indpak'],1,0,20,4.0,34579 Alvarado Niles Rd,Union City,CA
31,E3qAg28gb3x9t1opBDDVnQ,Golden Bamboo,"['vegetarian', 'vietnamese', 'breakfast_brunch']",3,2,401,4.5,3245 S White Rd,San Jose,CA
32,jsJ6kK7-PLkqh1gqyWi-Ag,Tasty Indian Pizza,"['pizza', 'indpak', 'sandwiches']",3,2,488,4.0,528 Lawrence Expy,Sunnyvale,CA
33,0mHzI5orhWuji2vZY_LHDQ,Bawarchi Indian Cuisine,['indpak'],1,0,44,2.5,2203 Tasman Dr,Santa Clara,CA
34,QB3Rk9EGP_lXiR-ZBIwlHw,Samraat Curry Hut,"['indpak', 'buffets']",2,2,288,4.0,6275 Jarvis Ave,Newark,CA
35,o4zv_hfJvdlgYzrj3MTPig,The Feast India Company,"['foodtrucks', 'indpak']",2,2,124,4.5,1203 Lawrence Station Rd,Sunnyvale,CA
36,mVno-tQcDhqPogq5u0vHpQ,Chaat House,['indpak'],1,1,377,3.5,939 W El Camino Real,Sunnyvale,CA
37,rX9XVJig3d8gojBDctmm5g,Küsan Uyghur Cuisine,"['kebab', 'halal', 'asianfusion']",3,2,258,4.5,1516 N 4th St,San Jose,CA
38,TzOgoRt3wTCMJMGGU1ZBuQ,Spices Indian Dhaba,"['fooddeliveryservices', 'indpak']",2,0,2,3.0,2725 El Camino Real,Santa Clara,CA
39,NT8_4oSWilOnFdMohn7wrg,Komala Vilas,"['vegetarian', 'indpak', 'breakfast_brunch']",3,2,589,3.0,1020 E El Camino Real,Sunnyvale,CA
40,7afTI8h9_bBvLcy5VJjeRw,Sangeetha,['indpak'],1,2,527,3.0,1103 E El Camino Real,Sunnyvale,CA
41,DkLbJIojNZLI9BboyCaquA,Milan Sweet Center,['indpak'],1,2,314,2.5,296 S Abel St,Milpitas,CA
42,MNxRXR4TJKaJetjke_iCdg,Chaat Paradise,['indpak'],1,1,724,3.5,165 E El Camino Real,Mountain View,CA
43,D2-sxm8vK47_VYVAUvfr2w,Yas Restaurant,"['persian', 'mediterranean', 'kebab']",3,2,631,4.0,1138 Saratoga Ave,San Jose,CA
44,b_xY7wRtQG9yXE1YtaPF-Q,Delhiwala Chaat Restaurant,"['indpak', 'vegetarian']",2,1,97,4.5,590 Old San Francisco Rd,Sunnyvale,CA
45,wbIMObRQDHoPFkbIjC13sw,Parktown Pizza Company,"['pizza', 'indpak', 'sportsbars']",3,2,228,4.0,16375 Monterey Rd,Morgan Hill,CA
46,nfBk9bUx0XgFs6S6JUTJAA,The Everest Momo,"['foodtrucks', 'himalayan', 'indpak']",3,1,549,4.0,1205 W El Camino Real,Sunnyvale,CA
47,3T4QqiDwZ0BeURsCUKKF2A,Bawarchi,['indpak'],1,2,259,3.0,594 E Elcamino Real,Sunnyvale,CA
48,F5quTpNFiYd2uTLDre7cIQ,Off The Record,"['indpak', 'beer_and_wine', 'asianfusion']",3,0,62,4.5,4137 Bay St,Fremont,CA
49,FXX-L_at8flUw7_c1vRjPg,Bombay Chaat House,['indpak'],1,1,187,3.0,454 S Main St,Milpitas,CA
0,S_PEOhwazfhpeEEPoTyyZg,Amber India,['indpak'],1,2,350,3.5,4926 El Camino Real,Los Altos,CA
1,Qe5BtWpXaskA7MoEx9fy7Q,Chitti Gaare,"['indpak', 'desserts', 'buffets']",3,2,69,3.0,544 Lawrence Exp Way,Sunnyvale,CA
2,vWiMtE4uj6uCZxjQHcOz-w,Bombay Pizza House,"['pizza', 'indpak']",2,2,883,4.5,4922 Paseo Padre Pkwy,Fremont,CA
3,XL62MLF0AZdqOGJixAcg4A,Blue Ginger Indian Restaurant,['indpak'],1,0,72,4.0,28565 Hesperian Blvd,Hayward,CA
4,GO6NZrXpI3S0As5zVKPpbw,Biryani Pot,"['indpak', 'halal']",2,2,447,3.5,39277 Cedar Blvd,Newark,CA
5,lhh0RQP0SRd1YTKwkEKZCg,Good Karma Artisan Ales & Café,"['vegetarian', 'vegan', 'pubs']",3,1,1119,4.0,37 S 1st St,San Jose,CA
6,byofFGbt9vX4WHOFGHQ2mw,Ganesha Indian Cuisine Sweets & Catering,"['indpak', 'coffee', 'seafood']",3,2,227,3.0,1074 Kiely Blvd,Santa Clara,CA
7,wbPzcd-YAhsuqWDhOvXIvQ,The Halal Guys,"['halal', 'mediterranean', 'mideastern']",3,2,1184,3.5,81 Curtner Ave,San Jose,CA
8,BRMsRSYEzBaUE4jkMCoPpA,Lakshmi Bazaar,"['indpak', 'grocery']",2,3,92,2.5,5178 Moorpark Ave,San Jose,CA
9,gYwLxSrOYkfrWO1b6YGiRQ,Aroma House,"['indpak', 'himalayan']",2,2,84,4.0,903 E Elcamino Real,Mountain View,CA
10,nwq5wqfo2deXLp_P8TBIjQ,Bengal Tiger Food,"['halal', 'grocery', 'indpak']",3,2,47,4.0,5438 Central Ave,Newark,CA
11,L3v4H99VVSam4lLYeocDHA,Chaat House,['indpak'],1,2,303,3.5,46465 Mission Blvd,Fremont,CA
12,cZ0fS7aLp3XajAUnxR122A,Vegetarian House,"['vegetarian', 'asianfusion']",2,2,1115,4.0,520 E Santa Clara St,San Jose,CA
13,sic7jx7TqbpdlctZ_t_QqA,Biryaniz - Milpitas,"['halal', 'indpak']",2,0,2,3.5,18 S Abbott Ave,Milpitas,CA
14,4TCEMU0ucbB7K5wTgk5SrA,Chaat Bhavan - Fremont,"['indpak', 'buffets']",2,2,1155,3.5,5355 Mowry Ave,Fremont,CA
15,lHly00cc_142LMTGIW5bjw,Biryaniz,['indpak'],1,2,301,3.5,246 Castro St,Mountain View,CA
16,WmxvC0SXDSVlo-NVH9U-bA,Eats Meets West Bowls,"['indpak', 'salad', 'asianfusion']",3,0,88,4.5,1602 El Camino Real,Belmont,CA
17,VkR8UKEuUNnERao2NDYyJg,Sakoon,"['indpak', 'salad', 'buffets']",3,2,1471,3.5,357 Castro St,Mountain View,CA
18,wQKByAm00s8UDyHsusKuqw,Biryani Bowl,"['indpak', 'halal', 'kebab']",3,2,765,3.5,3988 Washington Blvd,Fremont,CA
19,xRQqPYiuNuX9wqHc04c30A,Pesarattu,['indpak'],1,1,240,3.5,3379 E El Camino Real,Santa Clara,CA
20,VlxoP0XvrkhyQ4NV4qeWIw,Amber India Restaurant - Milpitas,['indpak'],1,2,432,2.5,556 S Milpitas Blvd,Milpitas,CA
21,6cBwhTVe8WRdRRKWPqEVZA,Sophie's Mediterranean Grill,"['mediterranean', 'halal', 'greek']",3,2,180,4.0,4035 Evergreen Village Sq,San Jose,CA
22,VDf79BtMxWNaqWNEDAkpzg,Kasa Indian Eatery,['indpak'],1,0,107,3.5,2086 Broadway St,Redwood City,CA
23,s-YRU0-clIebkFtcvyQaiQ,ShaQ,"['mediterranean', 'halal', 'mideastern']",3,2,246,4.5,3475 E El Camino Real,Santa Clara,CA
24,-HPH8KQ-dsA0oDRqpH6e4A,Passage To India,"['indpak', 'buffets', 'bars']",3,2,641,3.5,1991 W El Camino Real,Mountain View,CA
25,h0NHq5smmB2EXb7k2mRvnA,Jay Bharat - Newark,"['indpak', 'catering']",2,2,285,3.5,39203 Cedar Blvd,Newark,CA
26,3WcWhnQYOcj_8aP4wmlYIA,Baba's Dhaba,"['indpak', 'pakistani']",2,2,117,4.0,2086 Newpark Mall Rd,Newark,CA
27,g8QHBd2Hmc6uDIU0SiOIhg,Tarim Global Cuisine,"['persian', 'halal', 'chinese']",3,0,24,4.5,19930 Stevens Creek Blvd,Cupertino,CA
28,nXz_l40ocWXcV3esdUx7rQ,Rajjot Sweet & Snacks,['indpak'],1,2,517,3.0,1234 S Wolfe Rd,Sunnyvale,CA
29,JANM5KuO8r1MiXY9kU3LRg,Shiok Singapore Kitchen,"['singaporean', 'chinese', 'indpak']",3,2,537,3.5,1137 Chestnut St,Menlo Park,CA
30,sULTs_nVXbIz6vwl5rO2zw,Curry Life,"['japacurry', 'vegetarian']",2,0,34,4.0,3450 El Camino Real,Santa Clara,CA
31,hzxF3Nh1L8AXD8gyEcY1Qg,Desi Bazar Desi Kitchen,"['halal', 'bangladeshi', 'intlgrocery']",3,0,97,3.5,712 S Wolfe Rd,Sunnyvale,CA
32,pGzTLt_0UqJgk8mvsiF0Ag,Kabul Afghan Cuisine,['afghani'],1,2,1363,4.5,135 El Camino Real,San Carlos,CA
33,rI82bPwZbMShfivri1uKhg,Dosa & Curry,['indpak'],1,2,235,4.0,39742 Cedar Blvd,Newark,CA
34,FFX3mRJ8Uo2diMActL9YgA,Aria Dining & Banquets,"['indpak', 'venues', 'bars']",3,2,126,3.5,212 Ranch Dr,Milpitas,CA
35,7EAdGkJqgJTmHTpkgMEAIg,Madurai Modern Cafe,"['indpak', 'vegetarian']",2,1,151,3.5,848 E Evelyn Ave,Sunnyvale,CA
36,7ZMQ3Z-LgQyhbVvBQO3qug,Saffron Indian Bistro,['indpak'],1,2,964,3.5,1143 San Carlos Ave,San Carlos,CA
37,cYCXa_lfNmj-E7RiT11u6Q,Red Hot Chilli Pepper,"['chinese', 'asianfusion', 'indpak']",3,2,1241,3.5,1125 San Carlos Ave,San Carlos,CA
38,gnIEtFIz_1qhTHX113Cotg,Malaikottai Indian Chettinad Restaurant,['indpak'],1,2,200,3.5,5988 Newpark Plz,Newark,CA
39,-9SHutC_U1-YRcAJ2eBnag,Inchin's Bamboo Garden,"['asianfusion', 'chinese', 'indpak']",3,2,1102,3.0,151 W Washington Ave,Sunnyvale,CA
40,df-mowUBsZd4cpYCbdKrqQ,Bangalore Cafe,['indpak'],1,1,218,3.0,3077 El Camino Real,Santa Clara,CA
41,B3yJ2t_QYHTXY7KBBkJ7Og,Ananda Bhavan-Milpitas,['indpak'],1,2,199,2.5,61 Serra Way,Milpitas,CA
42,NefeVE154xXLDIj_T-Bn1A,Veg N Chaat Cuisine,"['indpak', 'vegetarian', 'vegan']",3,2,350,4.0,5168 Mowry Ave,Fremont,CA
43,54anJf73lEHBItVRPgRgrA,iChaat Cafe,"['indpak', 'vegetarian', 'halal']",3,2,363,3.5,1208 E Arques Ave,Sunnyvale,CA
44,QDo836oS-G4sidLT1z-_yw,The Nawab's Kitchen,['indpak'],1,2,272,3.5,39030 Argonaut Way,Fremont,CA
45,9vqg5BMvzLdyL4GIEit7ww,Indgo,['indpak'],1,0,7,4.0,2105 Old Middlefield Way,Mountain View,CA
46,bhULAMye5T7TJeKwZAJDFA,Himalayan Chef Kitchen,"['asianfusion', 'himalayan', 'indpak']",3,0,19,4.5,6180 Jarvis Ave,Newark,CA
47,FvvIsFBuakPislO_qUdeUw,Dil Se Eatery,"['foodtrucks', 'indpak']",2,2,22,4.0,,Santa Clara,CA
48,0lgL4LNF3xpNhKdA_ROK1g,Swagat Indian Cuisine,['indpak'],1,2,277,3.0,68 S Abel St,Milpitas,CA
49,MRlHo4kxMHRVj5iUyvxZQA,Yard House,"['newamerican', 'vegetarian', 'bars']",3,2,3659,3.5,300 Santana Row,San Jose,CA
0,nD2L626x8aJLecGdcEmH2A,Kabul Afghan Cuisine,['afghani'],1,2,1189,4.0,351 W Washington Ave,Sunnyvale,CA
1,HSoe-N02F3Mi-BQ9z52xVw,Taj-e Chaat,['indpak'],1,2,328,3.5,39497 Fremont Blvd,Fremont,CA
2,WwGTXr8J1w7IKSxt11zC7w,Cafe Tazza,['indpak'],1,1,2,4.5,2213 El Camino Real,Santa Clara,CA
3,OY6FzpkyWKBN5xJTFB00Ww,TIBCO Cafe,"['indpak', 'newamerican']",2,1,76,4.0,3301 Hillview Ave,Palo Alto,CA
4,tf_62dYJeYkpSspPMzjkdA,Sansar Indian Cuisine,['indpak'],1,0,43,3.0,1214 Apollo Way,Sunnyvale,CA
5,kcREBPmpja9ZknJn9URIqw,New Crescent Cuisine,"['indpak', 'pakistani', 'halal']",3,2,107,3.0,833 W El Camino Real,Sunnyvale,CA
6,O0oFdJLg047AywjaYd6B_g,Ashwin's Kitchen,"['indpak', 'vegetarian']",2,2,109,3.5,3900 Newpark Mall Rd,Newark,CA
7,eumDvcwCOtYRXAhIiVuN4Q,Sajj Mediterranean,"['mediterranean', 'halal', 'mideastern']",3,2,482,4.0,4140 N 1st St,San Jose,CA
8,ev2CKLWLOrzCsCIEYD-EsQ,Peacock's Koriander Indian Cuisine,['indpak'],1,2,496,3.5,520 Masonic Way,Belmont,CA
9,nuZhstG64zWAWtmml4Hnaw,Maiwand Kabob House,"['mideastern', 'afghani']",2,2,131,4.0,2915 El Camino Real,Santa Clara,CA
10,2xfxj2f9WOqtSX6816Y2UA,Khan Karahi & Kabob,"['indpak', 'pakistani', 'bbq']",3,0,38,3.5,32513 Mission Blvd,Hayward,CA
11,Ep0gz7Yi6m3ILBtf0d4M_g,The Kebab Shop,"['mediterranean', 'halal', 'mideastern']",3,2,264,4.0,1078 E Brokaw Rd,San Jose,CA
12,8O6BRPalMt-Bx9h8UvVITA,Passage to India Bakery,"['bakeries', 'indpak', 'buffets']",3,1,211,3.0,1100 W El Camino Real,Mountain View,CA
13,kNTcdapj8dmmNO-CuAkxaw,Momo Grill Truck,"['foodtrucks', 'himalayan', 'halal']",3,1,200,4.5,1204 Lawrence Station Rd,Sunnyvale,CA
14,zfDYrl9spzRsldrD4Pm2rQ,Peshawari Kababs,"['afghani', 'pakistani', 'kebab']",3,2,275,4.0,33330 Alvarado Niles Rd,Union City,CA
15,n3VqL_LUwF6cZfpWRcKf1w,Tirupathi Bhimas,"['indpak', 'vegetarian']",2,0,6,3.5,856 W El Camino Real,Mountain View,CA
16,Lc9W19IIOoKu3D2az50azQ,Garam Masala,['indpak'],1,0,2,2.5,209 E Java Dr,San Jose,CA
17,kjps1t1pzhT-XrYQ9ZH1gw,Go Chaatzz,"['indpak', 'vegetarian']",2,2,543,3.0,39150 Paseo Padre Pkwy,Fremont,CA
18,zU3YxRgP_JWKKnM8RYkY4w,Von's Express Halal,"['halal', 'chickenshop']",2,2,90,4.5,933 E Duane Ave,Sunnyvale,CA
19,18tgOWFUqLUwnvz3PuxwVw,Mirchi Cafe,"['asianfusion', 'pakistani', 'halal']",3,2,615,4.0,40900 Fremont Blvd,Fremont,CA
20,BcsVf9Rz5ZZwuw_u927H_w,Trichy Cafe,"['desserts', 'fooddeliveryservices', 'indpak']",3,0,2,4.5,,Milpitas,CA
21,g6xIyYiT3T2JnoXZrC4fxg,Veggie Grill,"['newamerican', 'vegan']",2,2,1153,4.0,3055 Olin Ave,San Jose,CA
22,Gq-lMAxrHyfZ3O4zpw2F3Q,Cakes and Bakes,"['indpak', 'desserts', 'icecream']",3,1,105,4.0,3143 Walnut Ave,Fremont,CA
23,40Xa5FvVvmCnS_N6sy1iHw,The Everest Momo,"['himalayan', 'chinese', 'foodtrucks']",3,1,86,4.0,81 S Main St,Milpitas,CA
24,HahGa2zjrNsZ-vEuYPBxcA,Falafelle,"['vegan', 'mideastern', 'falafel']",3,1,721,5.0,1035 Ralston Ave,Belmont,CA
25,HrVdId2u_iPL1tJPStTZbQ,The Kebab Shop,"['mediterranean', 'mideastern', 'halal']",3,2,441,4.0,19700 Vallco Pkwy,Cupertino,CA
26,6hCYuX14SeyJIuHXdp3AhA,Tofoo Com Chay,"['vegetarian', 'vegan', 'vietnamese']",3,1,1067,4.5,388 E Santa Clara St,San Jose,CA
27,GJAs1X2jdkNRxxIsePHE6A,Bombay Garden,['indpak'],1,2,608,3.0,5995 Mowry Ave,Newark,CA
28,NI9z-gG5BmgqXUAdzrq4Pg,Live Food,"['vegan', 'vegetarian', 'raw_food']",3,0,3,4.5,1505 S Winchester Blvd,San Jose,CA
29,0Vue5gS-KWjxCN7BHr8JeQ,Curry Up Now,"['indpak', 'vegetarian', 'gluten_free']",3,2,843,3.5,321 Hamilton Ave,Palo Alto,CA
30,fQimVYlyr4VpC75hcN01Dg,Biryani Junction,['indpak'],1,0,35,3.5,4949 Setvenson Blvd,Fremont,CA
31,xhzCe8pboWsV1rReb2ps0A,Crepes Bistro,"['creperies', 'gluten_free', 'vegan']",3,2,836,4.5,57 Washington St,Santa Clara,CA
32,V8eLckUBUza0a4XkYUUK0g,Urban Remedy,"['gluten_free', 'juicebars', 'organic_stores']",3,0,40,4.5,104 University Ave,Los Gatos,CA
33,pwTwhPoieNrzkrOzj6D5hw,Garden Fresh Vegan,"['vegetarian', 'vegan', 'chinese']",3,1,155,4.5,16034 Gale Ave,Hacienda Heights,CA
34,xeHttsDdvDVrcKhX5o-y3w,Halal gyro express,"['mediterranean', 'halal']",2,2,99,4.0,2567 N 1st St,San Jose,CA
35,Ec5JNsV9wVr0hpD50buCLQ,Paradise Biryani Pointe,"['indpak', 'halal', 'pakistani']",3,2,503,3.5,5029 Mowry Ave,Fremont,CA
36,kZnEh2bTHHFCA7nLLfIvTA,ACHILLES,"['mediterranean', 'halal', 'mideastern']",3,1,1574,4.5,2521 Newhall St,Santa Clara,CA
37,Qs4tZvY3RjRbyE-6M0PNNg,Pav Bhaji Hut,"['indpak', 'foodtrucks']",2,0,25,4.5,37100 Fremont Blvd,Fremont,CA
38,JqQfknjrTEHshSzIuf4Mqw,Desi Pizza house,"['pizza', 'indpak']",2,0,2,5.0,327 Moffett Blvd,Mountain View,CA
39,FTzRWupfCuZS9QTW7FZtPA,The Port Of Peri Peri,"['halal', 'portuguese', 'chickenshop']",3,2,286,4.0,3283 Walnut Ave,Fremont,CA
40,JTOfNDEB5i_AG8C3fN5qBQ,Indo-Pak Halal Market,['halal'],1,2,24,3.5,1729 Berryessa Rd,San Jose,CA
41,o-i5k2hBixNNCXBcTgIP2g,Raja Sweets & Indian Cuisine,"['indpak', 'desserts']",2,2,213,3.5,31853 Alvarado Blvd,Union City,CA
42,a1r6pF3RiCD0LVSfEa5cPg,Chaat Cafe,"['indpak', 'wraps']",2,1,564,3.0,3954 Mowry Ave,Fremont,CA
43,D2ymnm3CyN7w7hMlzHd8ng,Pizza & Curry,"['indpak', 'pizza', 'salad']",3,2,692,4.0,42136 Blacow Rd,Fremont,CA
44,x1d4eYzI3Uc18OHADNHaWg,Silver Creek Dining Room,"['buffets', 'breakfast_brunch', 'tradamerican']",3,3,71,3.5,200 Edenvale Ave,San Jose,CA
45,sccZzr6OPvMLOtxxT9EEFw,Tandoori-n-Curry,"['indpak', 'pakistani', 'halal']",3,2,248,3.5,40559 Fremont Blvd,Fremont,CA
46,irzRkPrFT2cNIkuSCpzghQ,Bismillah Restaurant,"['indpak', 'pakistani']",2,1,196,3.5,37415 Fremont Blvd,Fremont,CA
47,p0P37-j_wBDF3Qzvz4UWbw,Biryanis R Us,['indpak'],1,0,2,3.5,,Fremont,CA
48,WKYlLyoUyyllhrXA2-wFJg,Mirchi Indian Kitchen,"['indpak', 'pizza', 'desserts']",3,0,36,3.0,1100 Foster Square Ln,Foster City,CA
49,sGqFQOigRNGx9-HrwS_Gjg,Apna Fusion Pizza,"['pizza', 'indpak']",2,0,1,5.0,,Sunnyvale,CA
0,bKkNQT6TImLlnFiEwM6X3w,Sakoon Restaurant,"['indpak', 'venues', 'bars']",3,2,441,3.0,39195 Farwell Dr,Fremont,CA
1,OfUbWI-iM96RURRFzl-h9A,Port of Peri Peri,"['halal', 'chickenshop', 'portuguese']",3,0,128,4.0,340 California Ave,Palo Alto,CA
2,c1Wby--z2yWRHbwi4HZBwA,Great Indian Restaurant,['indpak'],1,0,22,4.0,1706 Decoto Rd,Union City,CA
3,CSt0ulV0zcm4KBIv_XzYrw,Mantraah,"['foodtrucks', 'indpak']",2,1,14,2.5,,San Jose,CA
4,jYWE3QVG5GnGsnbSevEKNw,Safari Kitchen,"['foodtrucks', 'halal', 'somali']",3,1,22,4.5,,San Jose,CA
5,pMUaIe8y336VzXEC_3_XRg,Taste Of India,"['indpak', 'desserts']",2,1,271,2.5,5144 Mowry Ave,Fremont,CA
6,1wV7SUB1pe1YZ4XVb2tr-w,BurgerIM,"['burgers', 'chicken_wings', 'halal']",3,2,109,3.5,1751 N 1st St,San Jose,CA
7,wF-GcdmsHzuRoWiLbqpGMA,Bawarchi,['indpak'],1,2,137,2.5,40827 Fremont Blvd,Fremont,CA
8,42Wz6MMu9vz4Kg21cErXsQ,Gojo Ethiopian Restaurant,"['ethiopian', 'gluten_free']",2,2,517,4.5,1261 W San Carlos St,San Jose,CA
9,b1JOYA9G4qWJH_puXpa8NQ,Mr Biriyani,"['indpak', 'desserts']",2,0,6,3.0,1481 Landess Ave,Milpitas,CA
10,cFCc8E8vOCFLWG9BJ6TNSg,Tayyibaat Meat And Grill,"['halal', 'mediterranean', 'catering']",3,2,1029,4.5,10 S Abbott Ave,Milpitas,CA
11,3iIYqJ4adrW_Gw3lwnrFMg,Veggie Grill,"['vegan', 'vegetarian', 'newamerican']",3,2,572,4.0,1692 Saratoga Ave,San Jose,CA
12,E7kHPV2jKP9KVkGi6XnYJQ,Merit Vegan Restaurant,"['vegetarian', 'vegan', 'noodles']",3,2,1428,4.0,548 Lawrence Expy,Sunnyvale,CA
13,JY0Pyp7pYd6igjfn8ZyYhw,Tomi Sushi & Seafood Buffet,"['buffets', 'seafood', 'sushi']",3,2,1762,3.0,2200 Eastridge Lp,San Jose,CA
14,qOKiXV4yxm40m3Ni9vsQlA,MoMo CooK,"['chinese', 'indpak', 'foodtrucks']",3,1,186,4.5,3456 Mowry Ave,Fremont,CA
15,DC42MrpWtqEeWRmMsn6Z8w,The Everest Momo,"['foodtrucks', 'indpak', 'himalayan']",3,1,59,4.5,39233 Fremont Blvd,Fremont,CA
16,dtBVknFa9YPnZIHt5QQ7lg,Khan Karahi Kabob,"['pakistani', 'indpak']",2,2,184,3.5,3915 Washington Blvd,Fremont,CA
17,5iMb4-GRJnju4SOsA6VDIg,Vn Grill,"['vietnamese', 'asianfusion', 'gluten_free']",3,2,900,4.5,1085 E Brokaw Rd,San Jose,CA
18,cVa86-m6nmKcCx7uAomYDg,Kabila Cuisine of India,"['indpak', 'bakeries', 'buffets']",3,2,529,3.5,29286 Union City Blvd,Union City,CA
19,_F4RpcTKdLJQM8yvsIWgsw,Aqui Cal-Mex,"['mexican', 'newamerican', 'vegetarian']",3,2,696,4.0,5679 Snell Ave,San Jose,CA
20,UlILiJq0iKxVRTTvJxxzqA,Little Lamb Hot Pot & BBQ,"['hotpot', 'chinese', 'halal']",3,2,248,4.0,979 Story Rd,San Jose,CA
21,NkBU_N0p4MZLlLjQnPxJVQ,Fiji Sweets and Snacks,['indpak'],1,0,28,3.5,29605 Mission Blvd,Hayward,CA
22,xZXsaN8ReNfjYUo__aUArA,Ma's Restaurant,"['chinese', 'halal']",2,2,747,3.5,1715 Lundy Ave,San Jose,CA
23,uTa0WpA7OPu4x6VNuEmLeQ,Hyderabad Place,"['indpak', 'venues']",2,2,37,2.5,39447 Fremont Blvd,Fremont,CA
24,IuOLgWSL_caX9jD8RAC-ow,Chandni Restaurant,"['indpak', 'pakistani', 'halal']",3,2,168,3.5,5748 Mowry School Rd,Newark,CA
25,caX4t1FhRHFOJmpLsaPWJQ,Zadna,"['mediterranean', 'halal', 'mideastern']",3,2,692,4.5,2653 Broadway,Redwood City,CA
26,UhM-GwpH8Wy1alePRQdutg,Mumu Hot Pot,"['hotpot', 'chinese', 'vegetarian']",3,2,336,4.5,1273 Lawrence Station Rd,Sunnyvale,CA
27,I5KkqRbZW_dNjKw7cZKv2Q,Indian Chatkhara,['indpak'],1,1,49,3.0,3395 Walnut Ave,Fremont,CA
28,eza6PI-XcOvpxcneHdKf1g,Halal Gyro Express,"['halal', 'falafel', 'greek']",3,1,191,4.0,3730 N First St,San Jose,CA
29,0Nx27RoUrsj5h3nP_YveaA,Chatpatta Corner,['indpak'],1,1,344,3.5,34751 Ardenwood Blvd,Fremont,CA
30,6RlCCBFw0oGuqjn0iDHFBQ,Passage to India Bakery,"['bakeries', 'indpak']",2,1,63,3.0,5149 Mowry Ave,Fremont,CA
31,1GZxSl3gIna7Vzp7yHvthQ,Pasha Mediterranean,"['mediterranean', 'hookah_bars', 'wraps']",3,2,536,4.0,837 Jefferson Ave,Redwood City,CA
32,DxFt5dsEWPZRoFD6EQ_HnA,Loving Hut - Milpitas,"['vegetarian', 'vegan', 'asianfusion']",3,2,963,4.0,516 Barber Ln,Milpitas,CA
33,pTcsw2k59pd6l_HBWCdoXA,Biryani & Beyond,['indpak'],1,0,14,3.0,39158 Paseo Padre Pkwy,Fremont,CA
34,lTYJrjGgqDX2C6rjDc0w8w,Aqui Waterford Plaza,"['mexican', 'newamerican', 'vegetarian']",3,2,129,3.5,503 W Capitol Expy,San Jose,CA
35,iYphcVCCXI1Mk0Tw-khdeQ,Tiffin Bay,"['fooddeliveryservices', 'indpak']",2,0,3,2.0,,Fremont,CA
36,D0Dja6FYqV7tylx48ksR0A,Mint & Basil,"['vietnamese', 'vegetarian']",2,2,276,3.5,5130 Cherry Ave,San Jose,CA
37,aZs4TRP5hUF7Ee_u9k_J6w,Via Mia Pizza -Saratoga,"['pizza', 'halal', 'chicken_wings']",3,2,355,4.5,1150 Saratoga Ave,San Jose,CA
38,1FmGBamHyhHuCf_RweyWzQ,Earl of Sandwich,"['sandwiches', 'salad', 'wraps']",3,1,232,3.5,One S Market St,San Jose,CA
39,SVR-5W7pymOPO9wFfoWdaA,Tandoori Pizza,"['indpak', 'pizza']",2,0,53,4.0,31871 Alvarado Blvd,Union City,CA
40,fdJvyduFJNDGlxPND9aw9A,Haafiz Food Mart,"['halal', 'bangladeshi']",2,1,43,4.0,34595 Alvarado-Niles Rd,Union City,CA
41,6h8pCLeUisPsaBfRMrPMag,Fremont Afghan Kabob,"['afghani', 'halal', 'mideastern']",3,2,663,4.0,5379 Mowry Ave,Fremont,CA
42,IbS1wp8z_PM4aQMraJ2KCg,Aqui Cal-Mex,"['mexican', 'newamerican', 'vegetarian']",3,2,1331,4.0,1145 Lincoln Ave,San Jose,CA
43,YUywyFX8vJyyelp8Ylei-g,Medina Kabob House,['afghani'],1,1,86,3.5,1989 Bellomy St,Santa Clara,CA
44,21i3wmJbFTljKr1e8jiQ3g,Su's Mongolian BBQ,"['bbq', 'buffets', 'mongolian']",3,2,597,4.0,1111 El Camino Real,Santa Clara,CA
45,OFUQHchaV2uqjJmO-EuVlA,Veggie Garden,"['vegan', 'vegetarian', 'chinese']",3,2,488,4.5,2464 W El Camino Real,Mountain View,CA
46,DWcOXov9DcbB0Ukef8iTRg,El Camino Mongolian BBQ,"['buffets', 'bbq', 'mongolian']",3,2,1231,4.0,3380 El Camino Real,Santa Clara,CA
47,sDDDiTXjPSk1iTL1E0T1WQ,Crepevine - San Jose,"['newamerican', 'creperies', 'gluten_free']",3,2,864,4.0,1100 Lincoln Ave,San Jose,CA
48,LenRgAe-8kjyyM-ZGkL7Iw,Saravanaa Bhavan,"['indpak', 'vegetarian']",2,2,706,2.5,3720 Mowry Ave,Fremont,CA
49,MVhhi-Pg4sw3Yh_jPXM7NQ,Zadna Bowl,"['mediterranean', 'halal', 'desserts']",3,0,41,5.0,461 Emerson St,Palo Alto,CA
0,YILIsXR6mjyavfOr-F5H5w,Philly's Cheesesteaks & Wings,"['cheesesteaks', 'chicken_wings', 'halal']",3,2,361,3.5,2561 N 1st St,San Jose,CA
1,8tsVZbaeTid0uD-HobW3hg,Mantraah,"['indpak', 'foodtrucks']",2,2,22,3.5,39150 Paseo Padre Pkwy,Fremont,CA
2,Q27FHtioKZWyTB9dXkvY3w,Dosa Hut,['indpak'],1,1,439,3.0,39180 Paseo Padre Pkwy,Fremont,CA
3,ajSiL0KXQF3T2Y0rfCyLYA,Mint & Basil,"['vietnamese', 'vegetarian', 'vegan']",3,2,1036,4.0,1741 N Milpitas Blvd,Milpitas,CA
4,NY6VZ966C-ayZaA8crpTMA,Madhu's Kitchen,['indpak'],1,0,1,5.0,1043 Bonner Ave,Fremont,CA
5,oFcT2X0WSi4St2cdz1US_Q,Celebrations Indian Cuisine,"['indpak', 'buffets', 'seafood']",3,2,92,2.5,544 Lawrence Expy,Sunnyvale,CA
6,QepG7oPGQ4_yWqY2853FhA,Mehran Restaurant & Catering,"['indpak', 'pakistani']",2,2,140,3.0,5774 Mowry School Rd,Newark,CA
7,E6_3DxYT59vgPso67iiEnA,Himalayan Chef Events & Catering,"['catering', 'himalayan', 'indpak']",3,2,3,4.5,6180 Jarvis Ave,Newark,CA
8,sNm6ZiMZTg4cFTQig3vNYA,Butter Chicken Snob,['indpak'],1,0,7,1.0,150 S 1st St,San Jose,CA
9,dyGm0t7Kby1m5shWdBYzJA,Lovely Sweets & Snacks,"['desserts', 'indpak']",2,1,172,2.5,41031 Fremont Blvd,Fremont,CA
10,EsCqaHWDAkAdGYST4w1lCw,Darda Seafood Restaurant,"['chinese', 'seafood', 'halal']",3,2,1013,3.5,296 Barber Ct,Milpitas,CA
11,sCCekHZkKv2LgZDxePqHPQ,C & C Curry House,"['gluten_free', 'indpak', 'asianfusion']",3,0,1,1.0,142 Castro St,Mountain View,CA
12,eFC7vWSJO2Ua5poPjShoww,De Afghanan Cuisine,['afghani'],1,2,1527,4.0,37395 Fremont Blvd,Fremont,CA
13,BCRJCJOjHw3oUhfIVrfggA,Dish N Dash - Sunnyvale,"['mideastern', 'halal', 'juicebars']",3,2,1113,4.0,736 N Mathilda Ave,Sunnyvale,CA
14,98oVfQh9vh9sieoNNrtngA,Delhi Ki Chaat,"['foodtrucks', 'indpak']",2,1,31,4.0,3456 Mowry Ave,Fremont,CA
15,NELIfEAr7exHOduiJU9GSg,Golden India Restaurants,['indpak'],1,0,27,2.5,4918 Paseo Padre Pkwy,Fremont,CA
16,Ysy1QTNCZLa0SvN2xjF-nQ,Sala Thai 2,"['thai', 'halal']",2,2,1074,4.0,44800 S Grimmer Blvd,Fremont,CA
17,PrC1tytApcax3qqYbjXqLw,India Gourmet,"['indpak', 'foodstands']",2,1,11,3.0,494 California Ave,Palo Alto,CA
18,UKdrOiKRG6DeEdtcjUhpdg,Desi Kitchen Pizza & Indian Cusine,"['indpak', 'pizza']",2,0,11,3.5,5480 Central Ave,Newark,CA
19,7H5R7IVx51X9EdmjOYFm2g,Sarovar Indian Cuisine,"['indpak', 'pakistani']",2,0,2,2.5,301 S Abbott Ave,Milpitas,CA
20,YnD8Uv7cscfIDw7VTMjq8w,Main Street Burgers,"['burgers', 'tradamerican', 'halal']",3,2,916,4.0,20 S Santa Cruz Ave,Los Gatos,CA
21,9Lax4vArRBnWsyP1lRdGPw,Kritunga,['indpak'],1,0,16,3.0,4918 Paseo Padre Pkwy,Fremont,CA
22,1VcX2Z35wjE2ztBOKF-AvA,Ristorante da Maria,"['pizza', 'italian', 'vegan']",3,2,468,4.0,2707 Union Ave,San Jose,CA
23,_bGG8OacIh_gXtzezjbarw,Blue Mango,"['vegetarian', 'thai', 'sushi']",3,2,805,3.0,635 Coleman Ave,San Jose,CA
24,ItVmYbYxoFU4nDJICKuLpw,SAJJ Mediterranean,"['mediterranean', 'mideastern', 'halal']",3,2,600,4.0,2580 W El Camino Real,Mountain View,CA
25,UDBV5GDTPucxbVQ7muj52w,Dosa Place,"['indpak', 'vegetarian']",2,1,318,3.0,41043 Fremont Blvd,Fremont,CA
26,Jc5AAgN2rb8MRXUY2Xr1xQ,Aqui Cal-Mex,"['newamerican', 'mexican', 'vegetarian']",3,2,909,4.0,10630 S De Anza Blvd,Cupertino,CA
27,cGNe6yJBYQTThx9Foq3F1w,LeQuy,"['vietnamese', 'noodles', 'wraps']",3,2,809,4.0,1461 W Campbell Ave,Campbell,CA
28,unj9WMceGNEbVbh1aHgmlg,Shalimar Catering,"['catering', 'indpak']",2,2,34,4.0,3395 Walnut Ave,Fremont,CA
29,Wx7Ub-8uh7OG7OFkjI-bUw,Aladdin Market,"['mideastern', 'halal', 'intlgrocery']",3,1,204,3.5,208 E Hillsdale Blvd,San Mateo,CA
30,zOhBiRO07kEBT9YtD2Pvdw,World Wrapps 2.0,"['wraps', 'bubbletea', 'hotdogs']",3,2,204,4.0,3125 Mission College Blvd,Santa Clara,CA
31,8GGNNPwqqCwJdsu93R2Hww,The Kebab Shop,"['mediterranean', 'mideastern', 'halal']",3,2,820,4.0,43834 Pacific Commons Blvd,Fremont,CA
32,h-GR3FY-s_W5lSIxGsWkyQ,MOM's Pot Biryani,['indpak'],1,2,128,3.5,1600 Saratoga Ave,San Jose,CA
33,YXHgLTKF4Ig1sUF2vVla7w,Century House & Gardens,"['venues', 'landmarks', 'afghani']",3,0,72,4.0,37447 Fremont Blvd,Fremont,CA
34,lPxsODiHQJRtGcHWikN2EA,Raaja's Butter Chicken,"['fooddeliveryservices', 'indpak']",2,0,3,2.5,,Fremont,CA
35,bbHIorPNPczGO2cGDruSQg,The Halal Guys,"['halal', 'mediterranean', 'mideastern']",3,2,314,3.0,5338 Curie St,Fremont,CA
36,xzCy0LMIUf1sRrJXRSn1KQ,Mediterranean Bite,"['lebanese', 'mediterranean', 'halal']",3,1,257,4.0,39140 Paseo Padre Pkwy,Fremont,CA
37,j_Tko7_HIrjx334lmI8Dtg,Afghan Awasana Kabob,"['afghani', 'halal', 'kebab']",3,2,112,5.0,37012 Towers Way,Fremont,CA
38,SYOQ9VOmiMtSMVXgMKOggg,Veggie Grill,"['vegan', 'vegetarian', 'newamerican']",3,2,626,3.5,565 San Antonio Rd,Mountain View,CA
39,40DtuR_HxNuBVf_uSoy66Q,Keeku da Dhaba,"['indpak', 'foodtrucks', 'kebab']",3,0,153,4.5,3400 Mowry Ave,Fremont,CA
40,RSWABPFDsx2NHzyPJtwFpA,Pressed Juicery,"['juicebars', 'vegan', 'healthmarkets']",3,2,296,4.0,1035 Olin Ave,San Jose,CA
41,UllAR9tsGs6uQRmRQyu17A,Dosa Station,"['fooddeliveryservices', 'indpak']",2,0,3,2.0,,Belmont,CA
42,bCMEyV3vxi0n1kgX5yD80w,Blue Line Pizza,"['pizza', 'gluten_free', 'catering']",3,2,1217,4.0,415 E Campbell Ave,Campbell,CA
43,nlyX-IYh_TgNhVBAyRwlKg,Falafel Corner,"['mideastern', 'pizza', 'halal']",3,1,501,4.0,43450 Grimmer Blvd,Fremont,CA
44,IqY0MOx5HufDon1pL2tvNA,Via Mia Pizza,"['pizza', 'halal', 'italian']",3,2,191,4.0,19998 E Homestead Rd,Cupertino,CA
45,4xWMXr2OywBTJJVRa1btyQ,Khorasan Market,"['grocery', 'bakeries', 'afghani']",3,2,91,4.0,38731 Fremont Blvd,Fremont,CA
46,0iuekQd1x4MjeFDAQ3PLzA,P.F. Chang's,"['chinese', 'asianfusion', 'gluten_free']",3,2,860,2.5,390 W El Camino Real,Sunnyvale,CA
47,x1ggupUZBLzrpgbHqpOzNw,Maiwand Village,"['mideastern', 'afghani']",2,2,141,4.0,5698 Thornton Ave,Newark,CA
48,n3eWkxEuio3Wnysq9jIB9Q,Basant Cuisine,['indpak'],1,2,1,1.0,5720 Mowry School Rd,Newark,CA
49,cm8oHti0SIPPqR8PcmcSvA,Garden Fresh,"['vegan', 'chinese']",2,2,1320,4.0,1245 W El Camino Real,Mountain View,CA
0,JG_xNuxRaG4q7TTHSSxV9g,Mr Kebab,"['turkish', 'vegetarian', 'mideastern']",3,2,707,4.0,1760 Decoto Rd,Union City,CA
1,du7geBVM1yyURLI8d9tHKg,Loving Hut Valley Fair,['vegan'],1,1,248,4.0,2855 Stevens Creek Blvd,Santa Clara,CA
2,c-yycGDPBmRKT6Bc-0ml-g,zpizza,"['pizza', 'vegan', 'gluten_free']",3,2,149,4.0,1190 N. Fair Oaks Ave.,Sunnyvale,CA
3,w3vb2leCHvQV8axU_6v9fw,Saffron Grill,"['mediterranean', 'kebab']",2,1,390,4.0,5970 Mowry Ave,Newark,CA
4,y_EekoKbTjl4pVNS6-5qjg,New York Pizza & Kabob,"['pizza', 'kebab', 'halal']",3,2,122,4.5,32106 Alvarado Blvd,Union City,CA
5,B6aF3cTtFwCcp39KSZFCxw,Zam Zam Grill,"['mediterranean', 'afghani', 'halal']",3,1,346,4.0,3876 Decoto Rd,Fremont,CA
6,K0FuaJ9iXHuAvxCEGh3ynA,Rasoi xpress,"['indpak', 'vegetarian', 'hotdogs']",3,0,34,3.0,39175 Farwell Dr,Fremont,CA
7,DCGZGnKs6pG_gJrLjltfhg,Gaters,"['mideastern', 'turkish', 'halal']",3,2,1018,3.5,3846 Mowry Ave,Fremont,CA
8,oHUxt79NVldtjcR4BxLJyA,Newark Buffet,['buffets'],1,2,585,3.0,35201 Newark Blvd,Newark,CA
9,Ma-_IiGbOuLp0m73s_wVyw,Bhojanam,['indpak'],1,0,1,1.0,6052 Stevenson Blvd,Fremont,CA
10,rJylM374dbSkBxE3N2X2JQ,Round Table Pizza,"['pizza', 'buffets']",2,2,160,2.5,1118 Branham Ln,San Jose,CA
11,GnN36Pwlg4kLGquU5-K02Q,Round Table Pizza,"['pizza', 'buffets']",2,2,150,3.0,14940 Camden Ave,San Jose,CA
12,mxcgktYfKQD9G2w0XdN7lQ,SLACafe,"['buffets', 'mexican', 'sandwiches']",3,2,7,2.5,2575 Sand Hill Rd,Menlo Park,CA
13,Pew21CDQZgfc7RBL7vgy3A,VMware Cafeteria,"['vegetarian', 'mexican', 'cafes']",3,1,29,3.5,3401 Hillview Ave,Palo Alto,CA
14,Gqx2aA1Lta2bYqEUBRdRwg,Blue Line Pizza,"['pizza', 'salad', 'gluten_free']",3,2,701,4.0,146 Castro St,Mountain View,CA
15,Apeh7PpE2AyIxFN9iQsmWg,Pressed Juicery,"['juicebars', 'vegan', 'healthmarkets']",3,1,50,4.0,19419 Stevens Creek Blvd,Cupertino,CA
16,3cshXX5r-AC4T0zoz68cJw,dosa by DOSA,"['fooddeliveryservices', 'indpak']",2,0,1,1.0,,Belmont,CA
17,ukb09QOx-ksy9l4p7vKqtw,De Afghanan Kabob House,"['afghani', 'desserts', 'mediterranean']",3,2,483,4.0,37405 Fremont Blvd,Fremont,CA
18,EBmdAnFdOWWRIZSOL4Cnzw,TasteBay Sushi & Seafood Buffet,"['japanese', 'buffets', 'sushi']",3,2,330,3.0,1604 Decoto Rd,Union City,CA
19,KIF8a60imkeWQtT6GEBW4Q,Ike's Lair of Redwood City,"['sandwiches', 'vegan']",2,1,673,3.5,2655 Broadway St,Redwood City,CA
20,8VgD99VWLKI4tMSsOqLvlA,Medina Halal Market,"['grocery', 'halal', 'meats']",3,3,50,3.0,32760 Alvarado Blvd,Fremont,CA
21,rKw3kGO7I1sakeHuVBkRwQ,Maiwand Market,"['grocery', 'bakeries', 'afghani']",3,1,127,3.5,37235 Fremont Blvd,Fremont,CA
22,cMf41bT7xvzM69LArLd14g,Rojoz Gourmet Wraps,"['mexican', 'seafood', 'wraps']",3,1,238,3.5,3906 Middlefield Rd,Palo Alto,CA
23,MIjJLNl71tliYf65RDcQPg,Round Table Pizza,"['pizza', 'buffets']",2,2,124,2.5,1400 W Campbell Ave,Campbell,CA
24,WzuG9t8ZcbHdG0YyGLQe1w,Arzu Uyghur Cuisine,"['chinese', 'halal', 'uzbek']",3,2,117,5.0,39119 Cedar Blvd,Newark,CA
25,ISzB_KUltHi5Yrvg3hHq2Q,Falafel Corner,"['falafel', 'burgers', 'wraps']",3,2,206,4.0,4342 Thornton Ave,Fremont,CA
26,WWyaK9oskNOpjCsO6MA7Pw,P.F. Chang's,"['chinese', 'asianfusion', 'gluten_free']",3,2,765,2.5,900 Stanford Shopping Ctr,Palo Alto,CA
27,HBHooeR_Wf8y332eU61sQQ,SAJJ Mediterranean,"['mediterranean', 'vegan']",2,2,148,4.0,883 Hamilton Ave,Menlo Park,CA
