0,3XTjerBg_PywBN81Ts45Bg,India's Restaurant,"['indpak', 'halal', 'seafood']",3,2,2945,4.5,4366 Fountain Ave,Los Angeles,CA
1,uteG6HIb4an-y5fFCXWo7w,Anarkali Indian Restaurant,['indpak'],1,2,2977,4.5,7013 Melrose Ave,Los Angeles,CA
2,52QPoJFEObNp6f6rv8XthQ,India's Tandoori,"['indpak', 'gluten_free', 'vegan']",3,2,1190,4.0,11819 Wilshire Blvd,Los Angeles,CA
3,B6fT0KdNWPKH9Yjaz06NiA,Biriyani Kabob House,"['pakistani', 'halal', 'indpak']",3,2,908,4.5,3525 W 3rd St,Los Angeles,CA
4,2Z7pKTwHhFwuH-aTCgd-Rg,India's Tandoori,"['indpak', 'halal', 'seafood']",3,2,1464,4.0,5468 Wilshire Blvd,Los Angeles,CA
5,tEK23PiHNXBHzu8994jurg,India's Tandoori Hollywood,"['indpak', 'halal', 'seafood']",3,2,421,4.5,7300 Sunset Blvd,Los Angeles,CA
6,EB-RtApkwptE3wRCQO8bCw,Badmaash - Downtown LA,"['indpak', 'newamerican']",2,2,1841,4.0,108 W 2nd St,Los Angeles,CA
7,4F3nRn85JxIqj0lqycrLsg,India's Grill,['indpak'],1,2,796,4.5,428 S San Vicente Blvd,Los Angeles,CA
8,j3zbQyVS9C9SwzZGzAGAgg,Cardamom Indian Cuisine,"['indpak', 'halal', 'vegetarian']",3,2,916,4.5,7233 Beverly Blvd,Los Angeles,CA
9,84PmY6fwOx9Z33aX3sb_GQ,Electric Karma,"['indpak', 'vegan', 'vegetarian']",3,2,862,4.0,8222 1/2 W 3rd St,Los Angeles,CA
10,8xDS6n0UqmbVJByWOkMojg,Anarbagh,['indpak'],1,2,278,4.0,4656 Franklin Ave,Los Angeles,CA
11,-PUEaxpFX3cLI--IdeVXMg,Agra Cafe,['indpak'],1,2,567,4.0,4325 W Sunset Blvd,Los Angeles,CA
12,s_TkskxxmbPyq4UKRBJHRw,Bombay Beach,['indpak'],1,2,222,4.5,1338 W 7th St,Los Angeles,CA
13,0zxyLKLp408CevWUpf5ziQ,Chef Arango Indian Restaurant,"['indpak', 'halal']",2,0,41,5.0,4506 W Pico Blvd,Los Angeles,CA
14,7pKS39Tdt0c1hAhdxOWZqA,House of Curry,"['indpak', 'halal', 'himalayan']",3,2,230,4.0,1888 S Western Ave,Los Angeles,CA
15,CiOuPxuFKEMD2nJaifUWjg,India's Oven,"['indpak', 'vegan', 'gluten_free']",3,2,1222,4.5,11645 Wilshire Blvd,Los Angeles,CA
16,TTKm4n8XiKD7-2Y6a-sHpw,Curry King,"['indpak', 'pakistani', 'halal']",3,2,417,4.0,2830 Fletcher Dr,Los Angeles,CA
17,4LhbgdN4mxORJt3ZDc3r9Q,Electric Lotus,['indpak'],1,2,388,4.5,1739 N Vermont Ave,Los Angeles,CA
18,MngSqXZbc4-x8lZTby1SrA,Himalayan House,"['indpak', 'himalayan']",2,2,328,4.0,1277 W Jefferson Blvd,Los Angeles,CA
19,9OqeSaKmGjo2xhvcSI-Xog,Badmaash - Fairfax,"['indpak', 'bars', 'newamerican']",3,2,287,4.0,418 N Fairfax Ave,Los Angeles,CA
20,HZXXU4g4VD-ymQC5aM86_w,India’s Clay Pit,['indpak'],1,2,330,4.0,309 N Virgil Ave,Los Angeles,CA
21,66UC2fpGPhcCHgGo_56HJQ,Taj India Palace,['indpak'],1,2,496,4.0,8320 Lincoln Blvd,Los Angeles,CA
22,mhV6ajue2eUPVWMULH9Jxg,The Bombay Frankie Company,['indpak'],1,2,781,4.5,6000 Sepulveda Blvd,Culver City,CA
23,1noKWuAZ6hTG7FVmrw4Eow,Tulsi Indian Eatery,"['vegetarian', 'indpak']",2,0,53,5.0,408 S Main St,Los Angeles,CA
24,_0i6Kzr3TMmL_SYo77faSQ,Taj Mahal of India Restaurant,['indpak'],1,2,564,4.0,8566 W Pico Blvd,Los Angeles,CA
25,lWdBkq9P2uir3v1xL3aGnQ,Kapoor's Akbar Indian Restaurant,['indpak'],1,2,261,4.5,701 W Cesar E Chavez Ave,Los Angeles,CA
26,Aj3s1c0bU8pXnD3bV3EicQ,Mayura Indian Restaurant,"['indpak', 'vegetarian', 'buffets']",3,2,1292,4.0,10406 Venice Blvd,Culver City,CA
27,1QIE6_5eJzBIctAdkb0IBw,Crown Of India,"['indpak', 'seafood']",2,2,673,4.0,6755 Santa Monica Blvd,Los Angeles,CA
28,kbgEwipbXeu3fAbornL96g,Tara's Himalayan Cuisine,"['himalayan', 'indpak']",2,2,1134,4.0,10855 Venice Blvd,Los Angeles,CA
29,yE2lmUXi-cfDY1gDhNpMdA,India Sweets & Spices,"['indpak', 'vegetarian', 'pizza']",3,1,542,3.5,3126 Los Feliz Blvd,Los Angeles,CA
30,v26WyWlMfBd0X7b3EkZZjQ,Amar Desh Indian Restaurant,"['indpak', 'halal']",2,2,234,4.0,2411 W Olympic Blvd,Los Angeles,CA
31,IO1_ymYSWbPAaWhU53pqcw,Urban India Grill,"['asianfusion', 'indpak']",2,2,229,4.5,12907 Sherman Way,Los Angeles,CA
32,ltA_qN6XjuUXoJNvQJFcIA,India’s Kitchen,['indpak'],1,0,70,4.5,12825 Venice Blvd,Los Angeles,CA
33,ur-joWvA_fPN_oxW50VwCQ,The Indian Kitchen,"['indpak', 'halal', 'vegetarian']",3,2,415,4.0,8165 Santa Monica Blvd,West Hollywood,CA
34,1kqAUNH6rDOMc7KQfrnqjA,Anar Indian Restaurant,['indpak'],1,2,533,4.0,1807 N Cahuenga Blvd,Los Angeles,CA
35,dsLXkd3rvWSaYsl1Xe4C4w,Star of India Tandoori Restaurant,['indpak'],1,2,241,4.0,730 Vine St,Los Angeles,CA
36,upl-3W-EGpSeKZD2jdI0rw,Masala Grill,"['indpak', 'intlgrocery', 'organic_stores']",3,2,220,4.0,5607 San Vicente Blvd,Los Angeles,CA
37,EMEXhuFSQAgEEg6yN0XOsw,India Sweet House,"['indpak', 'vegetarian']",2,1,215,4.0,5992 W Pico Blvd,Los Angeles,CA
38,D-Rhul6GSkOJQY4Xcx1g3w,Urban Masala,['indpak'],1,2,616,4.0,6554 Hollywood Blvd,Los Angeles,CA
39,Aj_O-2Sf3Bqso3vGvvBDVg,Maharaja Cuisine Of India,['indpak'],1,2,345,4.5,1321 Westwood Blvd,Los Angeles,CA
40,9ydobHfhTBbWLSF8eZTbTw,Anarbagh Beverly Hills,['indpak'],1,2,528,4.5,138 S Beverly Dr,Beverly Hills,CA
41,6sOis7jSU7uam8w35WEn7A,Mr. Masala,"['indpak', 'halal']",2,2,237,4.0,949 S Figueroa St,Los Angeles,CA
42,5MORxFcPj3u1D9Jp1AZj4A,IndiMex Eats,"['indpak', 'mexican', 'halal']",3,1,345,4.5,1106 N Cahuenga Blvd,Los Angeles,CA
43,d9UNjK5t3UiMM5Da9q4KCg,Spice Affair Beverly Hills Indian Restaurant,['indpak'],1,3,638,4.5,50 N La Cienega Blvd,Beverly Hills,CA
44,1IGFIOIXXFtTFuq3-UQ30A,Abhiruchi Grill,"['indpak', 'buffets']",2,2,208,4.5,10823 Venice Blvd,Los Angeles,CA
45,RnblmIZbbETiuW7bDOdRAw,Tandoori Eats,['indpak'],1,2,437,4.5,10004 National Blvd,Los Angeles,CA
46,NC5jKdkiE_B0KghBiVxiuQ,Flavor of India,['indpak'],1,2,148,4.5,7950 Sunset Blvd,West Hollywood,CA
47,L9_-zRSBehi6OJAyaaoQvA,Biriyani Kabob House,"['indpak', 'pakistani', 'bangladeshi']",3,0,2,5.0,517 S Spring St,Los Angeles,CA
48,9P8aaRNTsY03FgTWuNMcxQ,Handi Kabab House,"['indpak', 'kebab']",2,1,164,4.0,360 S Alvarado St,Los Angeles,CA
49,lNXM0LruPbNCFFCXB0Vzyg,Masala #2,"['indpak', 'vegetarian', 'seafood']",3,2,69,4.5,7226 Sunset Blvd,West Hollywood,CA
0,_ilI4Knop17ZFODCoYsUxQ,Flavor of India,['indpak'],1,2,506,4.5,12321 Ventura Blvd,Studio City,CA
1,g4pgc_lnkLchfuGXmUl1oA,Manas Indian Cuisine,"['indpak', 'buffets']",2,2,522,3.5,2823 S Vermont Ave,Los Angeles,CA
2,_5Z-g0BH0iYTu7qDKZf_2A,Mia Jee Tandoori,"['indpak', 'halal', 'pakistani']",3,2,253,4.0,205 S Vermont Ave,Los Angeles,CA
3,WPUxN0YNeO5aeGKRgr3w8w,All India Cafe,['indpak'],1,2,426,4.5,316 N Brand Blvd,Glendale,CA
4,6zO7ihNqwMKyQDtgkyRbZg,Nizam Of India,['indpak'],1,2,374,4.0,10871 W Pico Blvd,Los Angeles,CA
5,hQp4-qevJC8AfHpWwLvWMg,Zafran Pot,"['indpak', 'halal', 'buffets']",3,2,457,4.5,10408 Venice Blvd,Culver City,CA
6,Lf1DIrvipU6JZ51HWsIxZg,Lal Mirch Indian Restaurant,['indpak'],1,2,909,4.5,11138 Ventura Blvd,Studio City,CA
7,1EMNJAZpx5tKT5DkzCtQgw,23rd Street Cafe,"['indpak', 'mexican', 'newamerican']",3,1,437,4.0,936 W 23rd St,Los Angeles,CA
8,GLIk2cSeavAr1k-7xZeJFw,Southern Spice,['indpak'],1,0,27,4.5,1842 W Washington Blvd,Los Angeles,CA
9,ntiTrhI8Bc_jl-1MfdEpQg,Flavor of India,['indpak'],1,2,975,4.0,161 E Orange Grove Ave,Burbank,CA
10,LD4N3CKqjKqWYv_xhSm1qQ,Annapurna Cuisine,"['indpak', 'vegetarian', 'buffets']",3,2,565,4.0,10200 Venice Blvd,Culver City,CA
11,zkgtSC5wVC2-T3c27fQdwg,Curry Bowl Indian Express,['indpak'],1,2,52,4.5,8504 W 3rd St,Los Angeles,CA
12,H1kT_CR6XBmvf3PXMuJPGg,Jaipur Cuisine of India,['indpak'],1,2,648,4.0,10916 W Pico Blvd,Los Angeles,CA
13,Ra2eu1yxmndfR24-OVx8DA,Saffron,['indpak'],1,1,70,3.5,300 S Grand Ave,Los Angeles,CA
14,VlK70WlHut29D1rwtE3maA,Samosa House and Bharat Bazaar,"['indpak', 'vegetarian', 'vegan']",3,1,1041,4.0,11510 W Washington Blvd,Culver City,CA
15,2gkXUnz_JUHL3e23miYeMQ,Bollywood Bites,['indpak'],1,2,252,3.5,1051 Gayley Ave,Los Angeles,CA
16,XB8faWRI7qmp2_FCPyridA,Tibet Nepal House,"['himalayan', 'indpak']",2,2,1349,4.5,36 E Holly St,Pasadena,CA
17,eOE6OQX0P87jALUycKvR_w,Bollywood Grill,"['indpak', 'buffets']",2,2,99,4.5,6756 Hollywood Blvd,Hollywood,CA
18,o7-NdfmDpGlUDSytKsoeYA,Curry Time - Los Angeles,"['indpak', 'desserts']",2,0,79,4.5,8241 Tampa Ave,Los Angeles,CA
19,PkG4ci-dqnWptreOIvtvpQ,Indian Masala House,['indpak'],1,2,229,4.5,17934 Ventura Blvd,Los Angeles,CA
20,kOuS9tWEyMrGrb_dHjaTMg,Samosa House East,"['vegetarian', 'indpak']",2,1,785,4.0,10700 Washington Blvd,Culver City,CA
21,rbcoewz2xcqaKfIolUb2qg,Jasmine Market & Deli,"['burmese', 'indpak', 'halal']",3,1,587,4.5,4135 1/2 Sepulveda Blvd,Culver City,CA
22,1wiUoxTgK491xb8Ujwbi7A,Mia’s Kitchen,['trinidadian'],1,0,62,4.5,312 Rosecrans Ave,Manhattan Beach,CA
23,oZFV_MdvHd443M2RV_cEBQ,Golden Indian Grill and Pizza,"['indpak', 'pizza']",2,1,139,4.0,5954 W Pico Blvd,Los Angeles,CA
24,vixV3as8ixlghKQ4lf0yfg,Chacha Tandoori,"['pakistani', 'indpak']",2,0,15,4.5,13920 Van Nuys Blvd,Arleta,CA
25,7KT1z-nx9gBZGccx1hpdwA,Taras Himalayan Cuisine,"['himalayan', 'indpak']",2,2,82,4.5,262 26th St,Santa Monica,CA
26,AVBzqTzu5u8QdVaLni2Gpw,India's Flavor,['indpak'],1,2,597,4.0,3303 N Verdugo Rd,Glendale,CA
27,JCCHmKOSNcUPcOBzPqiYzQ,Claypit Indian cuisine - Sherman Oaks,['indpak'],1,0,53,4.5,14611 Ventura Blvd,Sherman Oaks,CA
28,drYIFWc8kJ4Eabi0g4YdMg,Ayur Ras Healing Foods,['indpak'],1,3,55,5.0,,Los Angeles,CA
29,-TbXlVKr3gOAV1r7k-XEQA,Noya Kitchen,"['halal', 'burgers', 'chicken_wings']",3,0,120,5.0,4204 W 3rd St,Los Angeles,CA
30,pReCYRVIdVHX2JsRbzSCyg,The Bollywood Kitchen,"['indpak', 'chinese', 'foodtrucks']",3,0,45,4.0,,West Hollywood,CA
31,Uy0H_qq1NCpc9ULe5IdIPg,Taste of India,['indpak'],1,1,299,4.5,5937 State St,Huntington Park,CA
32,MDWfVopusuIJgT-l9PA1KA,Mandovi Indian Cuisine,"['indpak', 'buffets']",2,2,301,4.0,150 S Sepulveda Blvd,El Segundo,CA
33,JT5YNSmSBbE_KggJJ4aOlw,All India Cafe - West LA,"['indpak', 'vegetarian', 'vegan']",3,2,524,4.0,12113 Santa Monica Blvd,Los Angeles,CA
34,12l72TSd1kQUVyT94yOnMQ,Chargha House,"['indpak', 'halal', 'pakistani']",3,2,269,4.0,5571 Sepulveda Blvd,Culver City,CA
35,DUyEKQq77GxK2yccyAUCUg,Holi Organic Takeout Indian Cuisine,['indpak'],1,0,9,3.5,2131 Colorado Blvd,Los Angeles,CA
36,p6dKGxAHoj882FGqODAewQ,Tamarind of LA,"['indpak', 'pakistani']",2,1,35,4.5,934 S Los Angeles St,Los Angeles,CA
37,Jx1hDF2_kpgivPfZ8oxk8A,Royal Curry Cafe,"['indpak', 'halal']",2,2,503,4.5,4329 Lankershim Blvd,North Hollywood,CA
38,j4MXL154G1mAZ6Oy3ivuYQ,Mahan Indian Restaurant,"['indpak', 'buffets', 'vegan']",3,2,639,4.0,110 W Main St,Alhambra,CA
39,ccDqEPoyhQFd69fLI4VGCg,India's Clay Pit,['indpak'],1,2,286,4.0,5667 Lankershim Blvd,North Hollywood,CA
40,jinXFLvOqN3QVe3gL30U_A,Agra Tandoori,"['indpak', 'seafood']",2,2,783,4.5,19560 Ventura Blvd,Tarzana,CA
41,fo24nUAsE-vfbQnL1JmUbQ,Bollywood Cafe,['indpak'],1,2,545,4.0,11101 Ventura Blvd,Studio City,CA
42,SPpV2Ou7Y3grRc1fn-S10w,Cali Tandoor,"['indpak', 'buffets', 'kebab']",3,2,160,5.0,9609 W Venice Blvd,Culver City,CA
43,hrlQSuJWbI09ysO0YuLLwg,Downtown India Grill,['indpak'],1,0,11,5.0,1423 W Pico Blvd,Los Angeles,CA
44,v-bcbcnBjHlBdw0CNd8kXQ,Oishi’s Kitchen,['indpak'],1,0,3,5.0,5000 Echo St,Los Angeles,CA
45,nuEnKgmx3Z11wQP3AuyKVw,Al-Noor,"['indpak', 'pakistani', 'halal']",3,2,957,4.5,15112 Inglewood Ave,Lawndale,CA
46,9mxpfLkfDP2WEdD9aESOBA,Kurrypinch,['srilankan'],1,0,95,5.0,6159 Van Nuys Blvd,Van Nuys,CA
47,svZZxiVPaOLLjjt0aPdggQ,Bangla Bazar & Restaurant,"['bangladeshi', 'halal', 'indpak']",3,1,62,3.5,4205 W 3rd St,Los Angeles,CA
48,iYOT4UMt8AWXH2EByN-9iA,Tandoor India,['indpak'],1,2,700,4.0,2622 Pico Blvd,Santa Monica,CA
49,y8TRn_c2GWNwNXP2skOMxg,Flavor of Punjab,['indpak'],1,2,342,4.5,5650 E 2nd St,Long Beach,CA
0,w-lX_cOGKsrwnznSKoNZ-w,Swadesh,"['grocery', 'bangladeshi', 'halal']",3,1,105,4.0,4153 W 3rd St,Los Angeles,CA
1,Sh9YjgPoBwO8mwpWixGAvw,Bollywood Zaika,['indpak'],1,2,281,4.5,633 N Pacific Coast Hwy,Redondo Beach,CA
2,4r0cX7eVMb3rwxd6xSnbLg,Govinda's Natural Food Restaurant,"['vegetarian', 'indpak', 'buffets']",3,1,287,4.5,3764 Watseka Ave,Los Angeles,CA
3,dUdEJlsLoIqjVY_VK40Q7g,Tandoor-A-India,['indpak'],1,2,685,4.0,8406 Pershing Dr,Playa Del Rey,CA
4,RqRMzq-IuPofVNv1DoRfsA,Anarbagh Indian Cuisine,"['indpak', 'venues', 'seafood']",3,2,1791,4.5,22721 Ventura Blvd,Woodland Hills,CA
5,TBZQBj0Rali2SjlDLahU6w,Samosa House Santa Monica,['indpak'],1,2,314,4.0,2301 Main St,Santa Monica,CA
6,1vqr4x1-q7grL7ue6y3yIw,Deshi Food & Groceries,"['grocery', 'indpak', 'pakistani']",3,1,61,3.5,3723 W 3rd St,Los Angeles,CA
7,7UHkt60gV5WlMIMidlpBTg,India's Tandoori,['indpak'],1,2,652,4.0,142 N San Fernando Blvd,Burbank,CA
8,Tp-giLlFK3oAzVVckYeBlw,Bombay Curry Cuisine & Pizza,"['pizza', 'halal', 'indpak']",3,0,130,4.5,14617 Crenshaw Blvd,Gardena,CA
9,1DzOF8xHN1vYgr65NEM-_w,India Jones,['indpak'],1,2,19,3.5,3670 Broadway Pl,Los Angeles,CA
10,MDv7OdjUTOa0slgDF4g_aQ,India's Oven,['indpak'],1,2,240,3.5,1896 Westwood Blvd,Los Angeles,CA
11,umcEw5SBfLS3MrsS-U7VBg,Saffron,"['indpak', 'hotdogs']",2,1,168,3.5,505 S Flower St,Los Angeles,CA
12,7rio_T3BIJhmoOA3NiFasQ,Taste of India - Sherman Oaks,['indpak'],1,2,463,4.0,13903 Ventura Blvd,Sherman Oaks,CA
13,9gFki4NT49xg-O9ltG8qCg,Manohar's Delhi Palace,['indpak'],1,2,572,4.0,581 S Azusa Way,La Puente,CA
14,4c-T9i6K9rQjyB12jVJq_A,Anarbagh,"['indpak', 'vegetarian']",2,2,816,4.5,17312 Ventura Blvd,Encino,CA
15,Sm0rx5XacefovY6VqhOLBA,Streets Of India Cafe,"['indpak', 'buffets']",2,2,798,4.0,16260 Ventura Blvd,Encino,CA
16,h42RBuDx7MxTQrvpIiiECw,Radhika Modern Indian,['indpak'],1,2,727,4.0,966 Mission St,South Pasadena,CA
17,aR69DJhZNjbdhY-L7YozWg,India Restaurant La Habra,"['indpak', 'buffets']",2,2,719,5.0,1920 W Whittier Blvd,La Habra,CA
18,VxA3A-DzCDV-DNgZP4ofqw,New Flavor of India,"['indpak', 'buffets']",2,2,504,4.0,3684 Rosemead Blvd,Rosemead,CA
19,-Zvw7Gzw8PFZpKPCyCr_Ww,Punjab Indian Market and Cuisine,"['indpak', 'intlgrocery']",2,1,157,4.5,618 W Las Tunas Dr,San Gabriel,CA
20,4KsIYWtOkiGvfXYQwrW8Uw,TUMBI Craft Indian Kitchen,['indpak'],1,2,274,4.0,115 Santa Monica Blvd,Santa Monica,CA
21,QjjBVHsRazAbCL4d0rKVzg,Bhanu Indian Cuisine & Market,"['indpak', 'intlgrocery']",2,2,1181,4.5,7246 Rosemead Blvd,San Gabriel,CA
22,con-hdVjSyRrMnP7d80EAQ,Annapurna Grill,"['indpak', 'buffets']",2,2,383,3.5,929 E Colorado Blvd,Pasadena,CA
23,XqGWcu3L7HxognsxxKAjsQ,Assam Indian Kitchen,['indpak'],1,2,287,3.5,10719 Burbank Blvd,North Hollywood,CA
24,eJkDFqOupx5V21H7PIJlPA,Gangadin Indian,"['indpak', 'seafood']",2,2,547,4.0,12067 Ventura Pl,Studio City,CA
25,6bu8J-XsCDWjZpiWk1-LuQ,Jivana Cafe,"['indpak', 'vegan', 'british']",3,0,11,4.5,20 Washington Blvd,Marina Del Rey,CA
26,YhL95P6Fg6UUxrDRZhcCHw,Addi's Darbar,['indpak'],1,2,573,4.5,800 Torrance Blvd,Redondo Beach,CA
27,qDmJaJjLtjcB4Evd-VCbNA,Simpang Asia,"['indonesian', 'malaysian', 'halal']",3,2,1641,4.0,10433 National Blvd,Los Angeles,CA
28,1yC0bvHYjYYEN-p4Uojgqw,India's Curry Place,"['indpak', 'desserts', 'seafood']",3,2,21,3.5,311 N Virgil Ave,Los Angeles,CA
29,GrasU_iB87_RK6zD2wEHvQ,New India Sweets & Spices,"['indpak', 'intlgrocery']",2,1,132,3.5,1245 S Fairfax Ave,Los Angeles,CA
30,cf1dWwKFynuOlrpzND6EfQ,Flamin Curry,['indpak'],1,1,521,4.5,3344 E Broadway,Long Beach,CA
31,nfI8MdT99Wd9fsPTIezxdQ,Bollywood Indian Restaurant & Banquet,['indpak'],1,2,321,4.5,14426 Ventura Blvd,Sherman Oaks,CA
32,skDvkEEI4e3F-AfODBvkLg,Salomi Indian and Bangladesh Restaurant,"['indpak', 'desserts', 'bangladeshi']",3,2,167,4.5,11009 Burbank Blvd,North Hollywood,CA
33,Lzu-hxXmlv8O7jwBY6jMlw,Curry Hut Indian Food,"['indpak', 'desserts', 'bbq']",3,1,521,4.5,8838 Whittier Blvd,Pico Rivera,CA
34,eanGT4iYgf6LFgBg4OJCtA,Curry House,['indpak'],1,0,5,4.0,2521 E Florence Ave,Huntington Park,CA
35,7QMLBYH66rs-e7PyB9fSzA,Natraj Cuisine of India,['indpak'],1,2,842,4.0,5262 E 2nd St,Long Beach,CA
36,l9uQx8AKADqWthB8X2bEDA,Bombay Palace,"['indpak', 'desserts', 'seafood']",3,3,263,3.5,8690 Wilshire Blvd,Beverly Hills,CA
37,nZXWPydTSuKWLivY2k9Bug,Al Watan Halal Restaurant,"['indpak', 'pakistani']",2,2,609,4.0,13619 Inglewood Ave,Hawthorne,CA
38,2LL5lILqX7zhxrD0KvdKpg,786 Degrees,"['pizza', 'halal', 'italian']",3,2,2230,5.0,8879 Laurel Canyon Blvd,Los Angeles,CA
39,k91bvEZ8eoG85HM1GSZxhw,Chandni,"['indpak', 'vegetarian']",2,2,329,4.0,1909 Wilshire Blvd,Santa Monica,CA
40,6TcLBpPqZyUDiQxtKE4dGw,Dolans Uyghur Cuisine,"['uzbek', 'asianfusion', 'halal']",3,2,297,4.5,742 W Valley Blvd,Alhambra,CA
41,FlPO6rsn_XoBN4YacOpKvw,Muma Kitchen,"['mediterranean', 'salad', 'kebab']",3,2,381,4.0,1942 Westwood Blvd,Los Angeles,CA
42,orQEmKTcODNUbEZsxexIEw,Halal Bismillah Indian Restaurant,"['halal', 'indpak']",2,0,12,4.0,7013 Melrose Ave,Los Angeles,CA
43,4ZHPzASIzQ92lIRD3vwnnw,Prata House,"['indpak', 'malaysian', 'singaporean']",3,1,242,4.5,360 S Glendora Ave,West Covina,CA
44,x6LGn-vYzR6DiAPXa0MDNA,Spice Six,['indpak'],1,1,342,4.5,450 Pacific Coast Hwy,Hermosa Beach,CA
45,VMTivpShzMqy04Gc2yho9w,India's Tandoori,"['indpak', 'buffets', 'seafood']",3,2,1285,4.0,916 N Sepulveda Blvd,Manhattan Beach,CA
46,MO26BhpPdonXahZTOsYFJQ,Naan Hut,"['persian', 'halal', 'mediterranean']",3,2,443,4.0,11551 Santa Monica Blvd,Los Angeles,CA
47,ZqXAhbMVkqDPZmNzJ40pBg,India's Tandoori Halal Restaurant,"['indpak', 'halal', 'buffets']",3,2,432,4.5,12866 Hawthorne Blvd,Hawthorne,CA
48,6WOkH0REuRcGZZAPV5vbzw,Appu's Cafe,"['vegan', 'vegetarian', 'indpak']",3,1,559,5.0,3816 Woodruff Ave,Long Beach,CA
49,XKMimVhQoGvAq5Lr5AJIrQ,Gill’s Cuisine of India,"['indpak', 'seafood']",2,0,1,5.0,838 S Grand Ave,Los Angeles,CA
0,RU1S7lc03lkLc46pGtZ_-w,Southern Spice,['indpak'],1,0,57,4.0,15651 Hawthorne Blvd,Lawndale,CA
1,M909FC3tWt6atl45FPMJDA,Baba Sweets,"['desserts', 'indpak']",2,1,219,4.5,21318 Saticoy St,Canoga Park,CA
2,90CY6VNgd-EQZ67y9Aa5jA,Curry Boys,['indpak'],1,0,26,4.5,6534 Pacific Blvd,Huntington Park,CA
3,FS0eUBnlJsQdtX7sZ5XnGw,Humble Chef,"['chinese', 'halal', 'indpak']",3,0,15,5.0,18845 Sherman Way,Los Angeles,CA
4,QYcA3cmzUEfjDjgojwWhdw,Aladin Sweets & Market,"['indpak', 'bangladeshi', 'intlgrocery']",3,1,195,3.5,139 S Vermont Ave,Los Angeles,CA
5,khEWaCDBR09fIrKPB1bZYg,Himalayan Cafe,"['himalayan', 'indpak']",2,2,564,4.0,36 S Fair Oaks Ave,Pasadena,CA
6,UeoX7hrG8jXye4dKPzzMeA,Soriana Restaurant,"['halal', 'mediterranean', 'arabian']",3,0,52,4.5,512 E Washington Blvd,Los Angeles,CA
7,KhFT8QKDIEv5mW5nrZfBDQ,Kamal Palace,['indpak'],1,2,472,4.0,6374 E Pacific Coast Hwy,Long Beach,CA
8,PrsXPorqSs7F-zq0F06hXw,Mother India Restaurant,"['indpak', 'buffets']",2,2,200,4.0,21032 Devonshire St,Chatsworth,CA
9,go_b5pqxv_0B1pWBVdi7kg,Zaiqa Grill,"['indpak', 'halal', 'pakistani']",3,1,484,4.5,8814 Imperial Hwy,Downey,CA
10,ZK0M3zzC2gH9z6zcyhFaDg,Rita's Gate of India,['indpak'],1,2,659,4.5,1450 5th St,Santa Monica,CA
11,kkgAgHRZ4T7dEJDlNy2CYg,New Delhi Palace,"['indpak', 'breakfast_brunch']",2,2,485,4.0,950 E Colorado Blvd,Pasadena,CA
12,9ViYZ518yp8bB4gNpvnzRA,Chutneys,"['indpak', 'halal', 'pakistani']",3,1,348,3.5,2406 S Barrington Ave,Los Angeles,CA
13,u8U8Zc1Se_gY30zNeOTSqg,Moun Of Tunis Restaurant,"['moroccan', 'african', 'halal']",3,2,273,4.0,7445 1/2 W Sunset Blvd,Los Angeles,CA
14,7U60rwYophHEi7l9-oyK9w,Nirvana Indian Cuisine,"['indpak', 'breakfast_brunch', 'desserts']",3,2,522,4.0,314 E Huntington Dr,Arcadia,CA
15,cNK1gSrm7etvLpYep5raCw,International Food Court,"['indpak', 'pakistani', 'mexican']",3,0,4,4.5,935 Santee St,Los Angeles,CA
16,6ZPmCpW2mXFnCTa1R-5M4w,G Star Grill & Wings,"['indpak', 'chinese']",2,0,1,5.0,18621 Pioneer Blvd,Artesia,CA
17,MeKU0CvWVbGEYxxRLDbyEQ,Nanking Indo-Chinese Restaurant,"['indpak', 'chinese']",2,2,308,4.0,18349 Pioneer Blvd,Artesia,CA
18,oA0V9OOiuKSyF80j2tyF-A,Shades of Curry,['indpak'],1,2,23,4.0,11819 Wilshire Blvd,Los Angeles,CA
19,QUOt7iFHaWijBKIMJpwxbQ,India Sweets & Spices,"['indpak', 'vegetarian']",2,1,406,3.5,9409 Venice Blvd,Culver City,CA
20,jwClU9TZOvedn72xOVrsjQ,Taj Of India,['indpak'],1,2,85,4.0,8406 Topanga Canyon Blvd,Los Angeles,CA
21,HbCJQ9vmFW-H54ylHPP8VQ,Biryani House,"['indpak', 'pakistani']",2,1,144,4.0,14936 S Prairie Ave,Hawthorne,CA
22,vAzVWlsBPJx4nDNJb3cVEw,Curry & Kabab Bistro,['indpak'],1,2,871,4.5,7114 Edinger Ave,Huntington Beach,CA
23,8ac_vzyLG8w38lfs8ELRjg,Woodlands Indian Cuisine,"['indpak', 'vegetarian']",2,2,292,4.5,9840 Topanga Canyon,Chatsworth,CA
24,m6zAbW3dUEmPjj7cZaFTjQ,Akbar Cuisine of India,['indpak'],1,2,420,3.5,3115 Washington Blvd,Marina Del Rey,CA
25,Kbv1Fv-aqoLzYxOadGRrAw,Namaste Spiceland,"['indpak', 'vegetarian', 'intlgrocery']",3,1,272,4.0,270 N Hill Ave,Pasadena,CA
26,fNepJlcekm1xOZ-LC4VI7Q,New India's Oven,['indpak'],1,2,366,3.5,13444 Maxella Ave,Marina del Rey,CA
27,_9nK5MHCqdILitnK-S6urQ,Rajdhani,['indpak'],1,2,594,4.0,18525 Pioneer Blvd,Artesia,CA
28,yiD5e0fbO4ZQx9atYK9D1Q,Chakra Indian Kitchen,"['indpak', 'halal', 'vegetarian']",3,0,19,4.0,45 N Raymond Ave,Pasadena,CA
29,gwqfDRVUOOQGmcRY62kCxQ,Kasturi Halal Meat & Grocery,"['indpak', 'halal', 'bangladeshi']",3,1,26,4.0,3580 W 3rd St,Los Angeles,CA
30,pVLXZN1VqGLnfTtfoqp-6Q,Zam Zam Market,"['pakistani', 'halal']",2,1,112,4.0,13649 Inglewood Ave,Hawthorne,CA
31,nPdp-GEnhHF0zI411QEHZA,Halal Kabob House,"['halal', 'pakistani', 'indpak']",3,0,25,4.5,1117 W Manchester Blvd,Inglewood,CA
32,4Pv-oOcp9jBrBSFkq8bBhg,Indian Summer Grill,"['indpak', 'vegetarian']",2,2,189,3.5,958 Main St,El Segundo,CA
33,gk55Or2vpqpIOTUl4LofZw,Himalayan Cafe - Baldwin Park,"['indpak', 'himalayan']",2,2,215,4.0,4291 Maine Ave,Baldwin Park,CA
34,7mKi6tVaeMZmGHyprBVnBg,BBQ Indian Cuisine,['indpak'],1,2,163,4.0,934 Hamilton Rd,Duarte,CA
35,tbWDAJI3SGRzuDFSGYJ4bQ,Taj Mahal,['indpak'],1,2,443,4.5,17815 Ventura Blvd,Encino,CA
36,VcWtA6r5j2Qf7FtvpfyCSA,Mutiara Food & Market,"['burmese', 'malaysian', 'halal']",3,1,159,4.5,225 S La Brea Ave,Inglewood,CA
37,HCd2CZ-jB9jWSZYO2y0oJw,Paratha Grill,['indpak'],1,1,180,4.0,18383 Pioneer Blvd,Artesia,CA
38,6OlDJjcUy9P8Uc3reI9vkA,Chennai Tiffins,"['vegetarian', 'indpak']",2,2,331,4.0,21510 Victory Blvd,Woodland Hills,CA
39,X9q4z5NgCWlJ96XVIzTWdQ,Mahan Indian Restaurant,"['indpak', 'vegetarian']",2,2,136,4.5,106 S Myrtle Ave,Monrovia,CA
40,cwzSLBUzcdjoo0zDnSIrOA,Taj Palace Indian Cuisine,['indpak'],1,2,105,3.5,15200 W Sunset Blvd,Pacific Palisades,CA
41,4q76vaMrWw7pz0mXZmE16Q,All India Cafe,"['indpak', 'vegetarian', 'catering']",3,2,779,4.0,39 S Fair Oaks Ave,Pasadena,CA
42,9KZTlcJYVsYkdm0p2KYT1Q,Khan Saab Desi Craft Kitchen,"['indpak', 'pakistani', 'halal']",3,0,150,4.5,229 E Commonwealth Ave,Fullerton,CA
43,vRgH9D4PYKdHauGYllaKXw,Chennai Dosa Corner,['indpak'],1,1,271,4.5,18413 Pioneer Blvd,Artesia,CA
44,iVcyfUB0YanHBm5FGiDU1g,Spice Plus Restaurant & Grocery,"['indpak', 'intlgrocery', 'halal']",3,0,29,3.5,12411 Burbank Blvd,Valley Village,CA
45,CYe7IP0tqjhskGlcODK-lQ,Curry Time,['indpak'],1,1,306,4.5,11635 Valley Blvd,El Monte,CA
46,PSqpxF3f4nvPgQHpjvETjQ,Bombay Tandoori & Banquet,"['indpak', 'halal', 'seafood']",3,2,1138,4.0,4111 Pacific Coast Hwy,Torrance,CA
47,UZ0fPngKt0CHVeJe4WfUqg,Halal Food Indian Cuisine,"['halal', 'indpak']",2,0,6,5.0,1905 S Western Ave,Los Angeles,CA
48,Ju9oeybzLa_A-yyxAmoBrA,Fresh Kabobs,"['indpak', 'pakistani', 'halal']",3,1,1059,4.0,145 E 4th St,Long Beach,CA
49,BrOhJO7sLl6KF9nnzn6EoA,Shalimar Indian Restaurant,['indpak'],1,0,27,4.0,18608 1/2 Ventura Blvd,Tarzana,CA
0,zf__7DJ0fJPC3CirplKdIQ,Village Tandoor,['indpak'],1,2,470,4.0,18530 Devonshire St,Northridge,CA
1,_lrLfLy3e2jr-zGigfFW4A,Revolutionario: North African Tacos,"['african', 'mexican', 'halal']",3,1,549,4.5,1436 W Jefferson Blvd,Los Angeles,CA
2,oSosDB8DkCyZOArt3bbg2A,Miirch Social,['indpak'],1,0,31,5.0,138 W Commonwealth Ave,Fullerton,CA
3,waC9adH7nmjEtUf-J3FXrQ,India House Restaurant,"['indpak', 'buffets']",2,2,762,4.5,7934 Valley View St,Buena Park,CA
4,UIj80LZYOFvbrVGq9IdNwQ,Himalayan Grill,"['indpak', 'himalayan', 'venues']",3,2,602,4.5,16278 Pacific Coast Hwy,Huntington Beach,CA
5,pa4sIMtWXs14kpUanGfD0A,The Shawarma Factory,"['mediterranean', 'halal']",2,1,491,4.5,14817 S Western Ave,Gardena,CA
6,8-uaCwpJtRjxBFANnpDdQA,Hindisoulfood,"['indpak', 'soulfood', 'foodstands']",3,0,4,5.0,1512 E 218th St,Carson,CA
7,l2TpbvvizsNl-GBCRb8I1A,Taste of Tehran,"['persian', 'mideastern', 'halal']",3,2,960,4.5,1915 Westwood Blvd,Los Angeles,CA
8,u8jqR-meSTfBc_p5PeE-BQ,The Halal Guys,"['halal', 'mediterranean', 'mideastern']",3,2,1264,3.5,3432 Wilshire Blvd,Los Angeles,CA
9,XRYMIzztd1pJkXEpP4RSRA,DarBar Eats Indian Restaurant,['indpak'],1,0,12,2.5,1423 Pico Blvd,Los Angeles,CA
10,WPAnSTOPPxfvXWmay4TtLQ,Quality of Bombay,"['indpak', 'seafood']",2,2,158,4.5,15333 Hawthorne Blvd,Lawndale,CA
11,h9Wu-uPpHn5okQiKPuklBw,Mini’s Ayurvedic Kitchen,"['indpak', 'fooddeliveryservices']",2,0,2,5.0,,Van Nuys,CA
12,CGABe7-iYb_ChDPtuGJBzA,Famous Tandoori,"['indpak', 'halal', 'pakistani']",3,1,411,4.5,1817 Pacific Coast Hwy,Lomita,CA
13,qHId7b-F7XsM_EEmXBLoqw,Bollywood Bites,"['indpak', 'foodtrucks']",2,1,87,3.5,,Los Angeles,CA
14,knDLA6hUv3pry49Ss91Mwg,Apey Kade,['srilankan'],1,2,228,4.5,19662 Ventura Blvd,Tarzana,CA
15,zKVr9UcexfQolu8LoEwomA,Rice N' Spice,['srilankan'],1,2,266,4.5,1732 Euclid St,Anaheim,CA
16,5wLLxuImKpsXZw3Xv8vPyA,India Grill,['indpak'],1,2,476,4.5,5373 Katella Ave,Los Alamitos,CA
17,x7rZpegHm__heGgmR520mA,Paradise Biryani Pointe,['indpak'],1,2,156,3.0,7231 Topanga Canyon Blvd,Canoga Park,CA
18,r5giWoA5KebylHLEm1AY2g,The Spice Garden,"['indpak', 'buffets']",2,2,27,4.5,7850 Beach Blvd,Buena Park,CA
19,h8GeiW7BeQ0AuwZez9GoEA,"Indian, The Tavern","['chinese', 'taiwanese', 'indpak']",3,0,2,2.0,633 S San Gabriel Blvd,San Gabriel,CA
20,pTcbBzyNZxpmrFIiNARwbg,Angara Indian Restaurant,"['indpak', 'buffets']",2,2,482,4.0,2170 Torrance Blvd,Torrance,CA
21,zEZAiyhDGY7okjoZYA7qEw,All Indian Sweets and Snacks,"['indpak', 'grocery']",2,1,237,4.0,20916 Hawthorne Blvd,Torrance,CA
22,zO_l7CQt1WTLdvyioNLbJg,The India Restaurant,"['indpak', 'buffets']",2,2,1203,4.0,17824 Pioneer Blvd,Artesia,CA
23,UgOtBx2X8JSF_N6sgsKdag,Sham Vegan Kitchen,['indpak'],1,0,2,3.0,11645 Wilshire Blvd,West Los Angeles,CA
24,n4EGfk1kjwaiJnX_RA1ABg,Amara Kitchen,"['coffee', 'gluten_free', 'breakfast_brunch']",3,2,473,4.0,519 N Ave 64,Los Angeles,CA
25,KPnoHuOkvCfrEoKq6jq1mw,Mumbai Ki Galliyon Se,"['indpak', 'vegetarian']",2,1,226,4.0,17705 Pioneer Blvd,Artesia,CA
26,AMwLgSpIFWG_fLbwynA96Q,Grand Bawarchi,['indpak'],1,2,167,4.0,7257 Topanga Canyon Blvd,Canoga Park,CA
27,Vfw0rboIHkB1ez48cbxvHQ,India Table,"['indpak', 'buffets']",2,2,309,4.5,2955 W Ball Rd,Anaheim,CA
28,00eNYXMKgUV5vMUBBBmXmQ,Azla,"['ethiopian', 'vegan', 'gluten_free']",3,1,412,4.5,4309 Leimert Blvd,Los Angeles,CA
29,fEFkf7jYjaWfyil0DjOuIw,Messob,"['ethiopian', 'vegan']",2,2,857,4.0,1041 S Fairfax Ave,Los Angeles,CA
30,SyfBHML1p50C26NyqqqlqQ,Surati Farsan Mart,"['indpak', 'vegetarian']",2,1,599,3.5,11814 E 186th St,Artesia,CA
31,BkalOqeVrNd6f67jkbzzVg,MasalaCraft Indian Cuisine,"['indpak', 'buffets']",2,2,432,4.0,575 Chapman Ave,Anaheim,CA
32,Elf0H4l_3qp-g_Dh63IQLw,Big Al's Pizzeria,"['pizza', 'halal', 'chicken_wings']",3,2,1616,4.5,6044 Atlantic Blvd,Maywood,CA
33,WUUwsZ2po61OGG9us6EAGA,Punjabi Tandoor,['indpak'],1,1,1250,4.0,327 S Anaheim Blvd,Anaheim,CA
34,HbjeHNKPdvvk71z5X1M92A,Wok N Tandoor,"['indpak', 'chinese']",2,2,245,4.0,11833 Artesia Blvd,Artesia,CA
35,dd0n0CHc8iB7YYNHW3TSlA,The Halal Curry,"['indpak', 'halal']",2,0,2,3.0,14546 Vanowen St,Los Angeles,CA
36,CTFZnhYe6t2tLv_NLHiE-w,Open Sesame,"['mediterranean', 'lebanese', 'halal']",3,2,770,4.0,7458 Beverly Blvd,Los Angeles,CA
37,DAYLI6MMTxtVamyhvjR-BQ,Curry Hut,['indpak'],1,1,225,4.5,15850 Imperial Hwy,La Mirada,CA
38,eKrSml4ZeL6JVKvfgGzmvw,Robinas Indian Cuisine,['indpak'],1,2,265,3.5,10943 Burbank Blvd,North Hollywood,CA
39,qp6g_Iw4v7CleKy8DbHpHA,Guru Crafted Indian Food,['indpak'],1,2,44,4.5,18738 Pioneer Blvd,Artesia,CA
40,TI25WNthJRjF0pk2X8kP6A,Shalimar Cuisine Of India,"['indpak', 'asianfusion', 'buffets']",3,2,373,4.0,23011 Ventura Blvd,Woodland Hills,CA
41,xrEzt1mwO8K-L511Lp38bA,PBJ.LA,"['vegan', 'vegetarian', 'sandwiches']",3,1,463,4.0,317 S Broadway,Los Angeles,CA
42,OB6EgH0AJ4WFyYaI8U7Bqw,Tawakal Tandoori,"['pakistani', 'indpak', 'halal']",3,2,94,4.0,22746 Roscoe Blvd,Los Angeles,CA
43,xkQ5s7bqKbRTU9yjPHGt9g,Sunnin Lebanese Cafe,"['lebanese', 'mediterranean', 'wraps']",3,2,1121,4.0,1776 Westwood Blvd,Los Angeles,CA
44,aT2UtfNkMT_MRjo4NV9sgw,Saivam Cafe,"['indpak', 'vegetarian', 'vegan']",3,1,94,4.5,2955 West Ball Rd,Anaheim,CA
45,dsLQYf8gTxm0X6Pesqo2Yg,Red Chili,"['pakistani', 'halal', 'indpak']",3,2,357,3.5,18108 Parthenia St,Northridge,CA
46,Z4Jn4F41a-S1V7LCwyJM8Q,Ashoka the Great,['indpak'],1,2,1038,4.0,18614 Pioneer Blvd,Artesia,CA
47,a_iBSX6T0J42-yKxguw8xw,Simpang Asia,"['halal', 'indonesian']",2,0,24,5.0,705 Lincoln Blvd,Venice,CA
48,bvmCETjJwUHMJCo7_qrMDw,California Tikka Chicken,['indpak'],1,2,130,4.5,16935 Vanowen St,Van Nuys,CA
49,5XvOoTs2oIlVGihDkt4tSw,Al-Amin Halal Restaurant,"['indpak', 'grocery', 'halal']",3,1,116,4.0,18220 Prairie Ave,Torrance,CA
0,TyHL3afRHX8Hix_1pF-Eyw,Udupi Palace,['indpak'],1,2,445,3.5,18635 Pioneer Blvd,Artesia,CA
1,oJ02CLNrYhA7RaROB_CAMw,Raaga An Indian Fusion,['indpak'],1,0,21,4.5,10110 Topanga Canyon Blvd,Chatsworth,CA
2,wtXNEjlkpT3kfs1YbQv2Yw,Jay Bharat,"['indpak', 'vegetarian']",2,1,209,3.5,18701 Pioneer Blvd,Artesia,CA
3,7F7oDAZ6C19Q7L650-cOUQ,RBanquet,"['venues', 'indpak']",2,0,12,4.5,651 W Whittier Blvd,La Habra,CA
4,uUZ7gIjeV9lKBQg1GqbHnA,Anjappar Chettinad Restaurant - Artesia,['indpak'],1,2,158,3.0,18128 Pioneer Blvd,Artesia,CA
5,ZqaKAasvK2SljvEMYfoO7w,Mint Leaf Indian Cuisine,"['indpak', 'wine_bars', 'halal']",3,2,548,4.0,2535 E Washington Blvd,Pasadena,CA
6,1hmZOe59ObyAzTF2XobaaA,Makkah Market,"['halal', 'pakistani', 'intlgrocery']",3,1,79,4.5,22846 S Western Ave,Torrance,CA
7,tTAEgimHyxkMlNMfkYD9_Q,Flavors Of India,['indpak'],1,0,5,3.0,201-233 S Brand Blvd,Glendale,CA
8,S1JEJ_abdhiV5tZ89ENPfQ,Panini Kabob Grill - Downtown LA,"['mediterranean', 'mideastern', 'kebab']",3,2,1518,4.0,600 W 9th St,Los Angeles,CA
9,DGxYONwWet7Ihl5eouo9mA,The Good Karma Cafe,"['italian', 'vegan', 'mexican']",3,1,54,5.0,3651 Vermont Ave,Los Angeles,CA
10,mqlkJ863hkHUwkGAGnxzJg,Gateway to India Restaurant and Bar,['indpak'],1,0,5,5.0,1188 W Katella Ave,Anaheim,CA
11,5mcOKOC5Dh3vUwCevMJrbg,Indian Masala House,['indpak'],1,0,8,2.5,10916 W Pico Blvd,Los Angeles,CA
12,JMNma3bhcMeofnDzRmVFQg,Kabab Curry of India,['indpak'],1,2,262,3.5,25332 Crenshaw Blvd,Torrance,CA
13,qXCM6Squ4EGBArDkoDtRNQ,New Flavor of India,"['indpak', 'buffets']",2,2,153,4.0,18425 Pioneer Blvd,Artesia,CA
14,lD8YBJ29CQ6Oftzmef0P5w,The Butcher's Daughter,"['vegetarian', 'cafes', 'gluten_free']",3,2,1424,4.0,1205 Abbot Kinney Blvd,Venice,CA
15,eYCk6rS_5WWVQa3x5osi4A,Forever Kitchen Indian Thai & Vietnamese,"['indpak', 'vietnamese', 'thai']",3,1,49,3.5,1824 Lomita Blvd,Lomita,CA
16,4W00cA8LQobxlk8Zj9aJaA,True Food Kitchen,"['newamerican', 'vegetarian', 'vegan']",3,2,2347,4.0,395 Santa Monica Pl,Santa Monica,CA
17,7N9XBwhpApjM7onz9GnAUg,Paratta,"['indpak', 'halal', 'pakistani']",3,0,86,4.5,672 S Santa Fe Ave,Los Angeles,CA
18,HxygMb98Jq_2M2KOTCNbRw,Royal Delhi Palace,"['indpak', 'catering', 'venues']",3,1,395,4.0,22323 Sherman Way,Canoga Park,CA
19,UR6hQjF6nGmlaUL1k9KBnA,Pista House,"['indpak', 'kebab']",2,2,80,3.5,18521 Pioneer Blvd,Artesia,CA
20,H1nzCFBCmoUD6tGFx6Y2Yg,Bulan Thai Vegetarian Kitchen,"['vegetarian', 'thai', 'vegan']",3,2,741,4.0,4114 Santa Monica Blvd,Los Angeles,CA
21,fJxXgGImzDtbc8yb8RR-sw,Al Hamra Halal Cafe,"['mideastern', 'halal', 'mediterranean']",3,2,1152,4.5,2515 Artesia Blvd,Redondo Beach,CA
22,YE8-TEBOohmve84SPipZhQ,Ludobab,"['kebab', 'desserts', 'wine_bars']",3,0,17,4.5,716 N Highland Ave,Los Angeles,CA
23,omRPZnG2UeGTRc8Ro_OQSw,India Bistro,"['indpak', 'soup', 'seafood']",3,0,110,4.5,2232 Harbor Blvd,Anaheim,CA
24,qp6yQU9i2xFjIinh6Mhf-w,Ambala Sweets & Snacks,"['bakeries', 'indpak', 'vegetarian']",3,1,286,4.0,18433 Pioneer Blvd,Artesia,CA
25,LRxqHs8SgAYV27aGN_VP8Q,Green Leaves Vegan,"['vegetarian', 'thai', 'vegan']",3,2,845,4.0,1769 Hillhurst Ave,Los Angeles,CA
26,TJEnDvOIJ0YLUBdVTGKmcg,Chez Salim Chicken and Rice Food Truck,"['foodtrucks', 'halal', 'mediterranean']",3,1,52,3.5,1600 Vine St,Hollywood,CA
27,ZwR15di9uEs03euVPq1-pA,Flame Persian Cuisine,"['mideastern', 'halal', 'persian']",3,2,439,3.5,1442 Westwood Blvd,Los Angeles,CA
28,e9CvA8WzWRtioMiizTAcgw,Thali Express,"['himalayan', 'indpak']",2,2,140,4.0,18621 Pioneer Blvd,Artesia,CA
29,CdZW3OZ3NeAeMVICOGsxsg,The Halal Guys,"['halal', 'mideastern', 'sandwiches']",3,1,835,4.0,201 N Brand Blvd,Glendale,CA
30,6i7KnRylm4bhPIApDFSVCg,Dave's Hot Chicken,"['chickenshop', 'halal']",2,2,3415,4.5,970 N Western Ave,Los Angeles,CA
31,-bKdE48UEZ63t-CW5V6AZA,Sapori Di 786 Degrees,"['pizza', 'italian', 'halal']",3,2,392,5.0,1709 E Washington Blvd,Pasadena,CA
32,KanCJfmZCttCoRT_L_Bk3Q,Vegan Seeds of India,"['fooddeliveryservices', 'indpak']",2,0,1,1.0,2411 W Olympic Blvd,Los Angeles,CA
33,ZVjU7rMpPfZDqfwFR62tNA,The Halal Guys,"['halal', 'mideastern', 'mediterranean']",3,1,835,4.0,510 W 7th St,Los Angeles,CA
34,roRcHjkJarxDoBTW6vjXeA,India Food & Spices,"['indpak', 'vegetarian', 'intlgrocery']",3,1,49,4.0,2221 Huntington Dr,Duarte,CA
35,QBRuLT-jc_F7U5C321rmRQ,Barn Rau Thai Halal Cuisine,"['thai', 'halal']",2,2,183,3.5,10825 Oxnard St,North Hollywood,CA
36,zaMKFOWKFlh3lUTBcwnxGQ,London's Pub & Grill,"['british', 'pubs', 'indpak']",3,2,303,4.0,11651 Artesia Blvd,Artesia,CA
37,3uDzNKECZ1czmputz4lR8g,Shish Mediterranean,"['mediterranean', 'halal', 'kebab']",3,2,443,4.0,11052 Ventura Blvd,Studio City,CA
38,6GTaESIP0r1oFunFqqevsw,Cafe Gratitude,"['vegan', 'vegetarian', 'cafes']",3,2,2118,4.0,639 N Larchmont Blvd,Los Angeles,CA
39,rjMhEh_QzX7LysAvxnJP-g,by CHLOE,"['salad', 'vegan', 'gluten_free']",3,2,880,4.0,2520 Glendale Blvd,Los Angeles,CA
40,pOA6SWgqvV_04B-Lbxg18Q,Flower Child,"['newamerican', 'salad', 'vegetarian']",3,2,700,4.0,1332 2nd St,Santa Monica,CA
41,oKmKXq_HCri6F6C46g5EAQ,Heidar Baba,"['mideastern', 'persian', 'halal']",3,2,582,4.0,1511 E Colorado Blvd,Pasadena,CA
42,L3YM8cAda9L_t_j-2C4ufA,Sage Vegan Bistro - Echo Park,"['vegan', 'brewpubs']",2,2,2348,4.0,1700 Sunset Blvd,Los Angeles,CA
43,Ew-JY1MIKJ2saIymatxteg,Ambala Sweets & Spices,['indpak'],1,1,60,4.0,3107 W Lincoln Ave,Anaheim,CA
44,hlZztccf751MLwMsgh63kQ,HOPE,"['vegetarian', 'vegan', 'thai']",3,2,1067,4.5,11943 Ventura Blvd,Studio City,CA
45,st07C3ZmrYTzCDJhWGyaKA,Nomad Asian Bistro,"['chinese', 'halal', 'asianfusion']",3,2,1224,4.0,6563 E Pacific Coast Hwy,Long Beach,CA
46,IU9cJp-dTD2lnpR8_Swfow,India Sweets & Spices,['indpak'],1,1,290,4.0,22011 Sherman Way,Canoga Park,CA
47,CCBcQyfg6B73bSePGDpTgQ,India Sweets & Spices,['indpak'],1,1,147,3.5,18110 Parthenia St,Northridge,CA
48,O4u2JgUry4DPtxdTqMA6aA,Podi Dosa,"['indpak', 'breakfast_brunch']",2,2,458,2.5,17607 Pioneer Blvd,Artesia,CA
49,fRbR0xXwHruWcJUcQvTseA,Bhimas Vegetarian,"['indpak', 'vegetarian']",2,2,176,3.5,18748 Pioneer Blvd,Artesia,CA
0,JyIby_93y8WKCaqapb6IKQ,Chups,"['indpak', 'popuprestaurants', 'mexican']",3,2,15,4.5,3244 W Lincoln Ave,Anaheim,CA
1,uCVKEXSnt3_2qft6VeISeg,My Vegan,"['vegetarian', 'vegan', 'thai']",3,2,218,4.5,1759 Colorado Blvd,Los Angeles,CA
2,iD-G9bACYgkBWOq_IAGVVA,The Grain Cafe,"['sandwiches', 'vegan', 'vegetarian']",3,2,945,4.5,4222 W Pico Blvd,Los Angeles,CA
3,qXERBdm0BzF3MP2f4eVYsg,Pearl Island Sri Lankan Cafe,"['srilankan', 'buffets']",2,1,32,4.0,22730 Roscoe Blvd,West Hills,CA
4,RpBzrnoSvq5rI9cyn4P8JQ,Vegetable,"['vegetarian', 'vegan', 'gluten_free']",3,2,457,4.0,3711 Cahuenga Blvd,Studio City,CA
5,dg_bvX9aKeCr1aPayWhB9A,Taste Of India,['indpak'],1,1,268,3.5,2620 Long Beach Blvd,Long Beach,CA
6,6DEuqc82zAMe-C4MOLqHcQ,Simply Wholesome,"['soulfood', 'caribbean', 'vegetarian']",3,2,855,4.0,4508 W Slauson Ave,Los Angeles,CA
7,ZAZPJN4L_cSq6qXSN_U1dg,Grand Café,"['breakfast_brunch', 'newamerican', 'buffets']",3,3,437,4.0,251 S Olive St,Los Angeles,CA
8,e8MEYm419AJE8n46qXHYKQ,Paradise Biryani Pointe,['indpak'],1,2,368,3.5,18158 Pioneer Blvd,Artesia,CA
9,e8Y0i00oKILndcBwm8L7PA,Cafe Gratitude,"['vegan', 'vegetarian', 'cafes']",3,2,983,4.0,300 S Santa Fe Ave,Los Angeles,CA
10,_P9Z5biFHuCFDIvKI83W_A,Rahel Ethiopian Vegan Cuisine,"['ethiopian', 'vegan']",2,2,590,4.0,1047 S Fairfax Ave,Los Angeles,CA
11,VQz6yZBj3l_T2XX-4mLV-Q,Emporium Thai,"['thai', 'gluten_free', 'noodles']",3,2,2381,4.0,1275 Westwood Blvd,Los Angeles,CA
12,8r4YzjW1zWTdeB6QnQ6kCg,Lotus Vegan,"['vegan', 'thai', 'vegetarian']",3,2,1133,4.5,4715 Lankershim Blvd,North Hollywood,CA
13,3YYDCmLuk4cVhKwWirn-7Q,Stuff I Eat,"['vegan', 'vegetarian']",2,2,1372,4.5,114 N Market St,Inglewood,CA
14,DEmEBH4ScHXulaZP4HuPNg,China Islamic Restaurant,"['chinese', 'halal', 'noodles']",3,2,280,3.5,7727 Garvey Ave,Rosemead,CA
15,Iue8gacs66BJeFRG83RLEA,Halal Kitchen Cafe,"['halal', 'mideastern', 'afghani']",3,2,170,4.0,18112 Parthenia St,Northridge,CA
16,lQncm9GX0vcB6cdhyvXNLA,Mehfil Restaurant & Banquet,"['halal', 'pakistani', 'indpak']",3,1,76,4.0,12225 Centralia St,Lakewood,CA
17,ZWEEEs5WiW0YGeCucj5D9w,ADYA,['indpak'],1,2,455,3.5,440 S Anaheim Blvd,Anaheim,CA
18,r4dGEbgY8OlpnnJe9V8PYg,Shahnawaz Halal Tandoori,"['indpak', 'halal', 'pakistani']",3,2,156,3.5,18728 Pioneer Blvd,Artesia,CA
19,pJKeB7AvcxnlzvhLPEvf8Q,Tikka Guys,"['indpak', 'mideastern', 'pakistani']",3,2,154,4.0,160 West Lincoln Ave,Anaheim,CA
20,iejyEfmYCrGW1pTul4zHFA,India Jones Chow Truck,"['indpak', 'foodtrucks']",2,1,375,3.5,,Santa Monica,CA
21,gcf4bQVbiOqglEmYBfbpwQ,Native Foods,"['vegan', 'vegetarian', 'newamerican']",3,2,1435,4.0,1114 Gayley Ave,Los Angeles,CA
22,aRXhjkQ71aFkUla1nfrkUQ,New York Chicken & Gyro,"['mediterranean', 'halal']",2,1,1597,4.5,7553 Topanga Canyon Blvd,Canoga Park,CA
23,K_UfsZWSbMaYT2OVM2XdDQ,Fresh Grill Mediterranean,"['mediterranean', 'persian', 'halal']",3,2,331,4.5,15355 Sherman Way,Los Angeles,CA
24,EWbbiUBkGzCYrEoOF05HzA,Gracias Madre - West Hollywood,"['mexican', 'vegan', 'vegetarian']",3,2,4233,4.0,8905 Melrose Ave,West Hollywood,CA
25,yWKUjQHmAiNzoAOV7ArLrQ,Araya's Place - Thai Vegan Restaurant,"['vegan', 'thai']",2,2,659,4.5,8101 Beverly Blvd,Los Angeles,CA
26,VVbEoA9GAPB4H70wSnJy6A,Vegas Seafood Buffet,"['buffets', 'seafood', 'sushi']",3,2,1479,3.5,110 S Brand Blvd,Glendale,CA
27,SenV--P39L2A9jMtpaC_OA,Hummus House,"['mediterranean', 'halal']",2,2,590,4.5,12211 Hawthorne Blvd,Hawthorne,CA
28,sPyjtDVeRePdRt_9tHrmTQ,Schnitzly,"['kosher', 'wraps', 'burgers']",3,2,283,3.5,9216 W Pico Blvd,Los Angeles,CA
29,gjwkc0V7G2AgkJpdiq6q5w,Zayna Flaming Grill,"['mediterranean', 'kebab', 'greek']",3,2,1393,4.5,1310 S Pacific Coast Hwy,Redondo Beach,CA
30,o0PobGQAbY9ASS-KsWvhew,Veggie Grill,"['vegetarian', 'vegan', 'newamerican']",3,2,153,4.0,4300 Riverside Dr,Burbank,CA
31,75TCWQxWu5X_W7QZMc0bVQ,Tocaya - Playa Vista,"['mexican', 'vegan', 'gluten_free']",3,2,456,4.0,12150 Millennium Dr,Los Angeles,CA
32,ubRDlseO1O4A7fp5Q78y1Q,Noorani Halal Restaurant,['pakistani'],1,2,243,3.5,14204 Brookhurst St,Garden Grove,CA
33,nqYbRGPmYA0X_sjSBtXpgw,Sidewalk Grill,"['mediterranean', 'salad', 'wraps']",3,2,1031,4.5,1727 N Vermont Ave,Los Angeles,CA
34,CVgEnI_jUNt66Ajo2x1Dcg,Janet's Mediterranean Cuisine,"['mediterranean', 'lebanese', 'halal']",3,2,519,4.0,1402 Huntington Dr,Duarte,CA
35,7YRVVCBItonC8dSyIkWrDg,Bistro Mon Cheri,"['asianfusion', 'vietnamese', 'halal']",3,2,201,4.5,950 E Colorado Blvd,Pasadena,CA
36,7I5VF3TKcYfDICcaIgcH2w,Veggie Grill,"['vegetarian', 'newamerican', 'vegan']",3,2,769,4.0,110 S Fairfax Ave,Los Angeles,CA
37,j97wIL20Vdsx6dsJZyqOpA,The Vegan Joint,"['vegan', 'vegetarian', 'breakfast_brunch']",3,2,242,4.0,707 E 10th St,Los Angeles,CA
38,wqLq-5EcIFV3wmdkZT5M2A,The Vegan Joint,['vegan'],1,2,854,4.0,10438 National Blvd,Los Angeles,CA
39,cYQOQA6EwvunfGSHLBvgeg,Sage Plant Based Bistro Old Town Pasadena,"['vegan', 'vegetarian', 'desserts']",3,2,805,4.0,41 Hugus Aly,Pasadena,CA
40,JYQDM-vYFnqtwZEBuE7UNg,Baja Subs Market & Deli,"['srilankan', 'mexican', 'sandwiches']",3,1,59,4.5,8801 Reseda Blvd,Northridge,CA
41,j2rkjK_7uYcNlN_kNjInZw,catalina kitchen,"['buffets', 'newamerican', 'breakfast_brunch']",3,3,681,3.5,100 Terranea Way,Rancho Palos Verdes,CA
42,NkZtMUPfGH96-09SfR2YCw,West LA International Market,"['grocery', 'mideastern', 'halal']",3,1,82,3.5,10817 Venice Blvd,Los Angeles,CA
43,nffvoO9E8IPiXHqw4ieebQ,Poke Home,"['poke', 'acaibowls', 'wraps']",3,2,338,4.0,13011 Victory Blvd,Los Angeles,CA
44,zrh5BDGmPo9UkL4a3CGeoA,Mas' Chinese Islamic Restaurant,"['chinese', 'halal']",2,2,1431,3.5,601 E Orangethorpe Ave,Anaheim,CA
45,oMVwalgiRBi-Y-kVQ_Ffgw,Indian Oven,"['indpak', 'buffets']",2,2,58,3.0,10110 Topanga Canyon Blvd,Chatsworth,CA
46,he772ErNck0gN9zY4dl2FA,Ribs N Kabobs,"['bbq', 'halal', 'kebab']",3,2,210,4.5,18925 Norwalk Blvd,Artesia,CA
47,KOuqS-inE44o9-1Jix9Tag,Shojin Downtown,"['japanese', 'vegan', 'gluten_free']",3,2,1811,4.0,333 S Alameda St,Los Angeles,CA
48,tfb4cmzXA0YmKg0L0ZViEw,Stamp Proper Foods,"['gluten_free', 'vegetarian', 'vegan']",3,2,307,4.0,4500 Los Feliz Blvd,Los Angeles,CA
49,y8MQPC3wOXgKHbZjshaLJg,Honest,"['indpak', 'vegetarian']",2,2,101,3.5,18600 Pioneer Blvd,Artesia,CA
0,Yjd1nVHmOCDH3rmuqsVJFw,Stix & Straws,"['juicebars', 'halal', 'newamerican']",3,1,297,4.5,310 E Grand Ave,El Segundo,CA
1,C56xYzrsFxRpIN8RakPpag,New Delhi Express,"['indpak', 'foodstands']",2,1,16,2.5,,Los Angeles,CA
2,JxfOcD7GPDXPk2RuylDJcQ,Sustainabowl,"['poke', 'acaibowls', 'vegan']",3,2,409,4.5,8338 Lincoln Blvd,Los Angeles,CA
3,WZEmUNqUx-8pGKqMTcQijA,Melad Bakery & Deli,"['bakeries', 'kebab', 'delis']",3,1,11,4.5,18601 Sherman Way,Los Angeles,CA
4,0lubki-EZ1dZlW4IjRsndQ,Trejo's Tacos - USC Village,"['mexican', 'vegan', 'newmexican']",3,2,162,3.0,835 W Jefferson Blvd,Los Angeles,CA
5,ic9QmTsSovHDUok06ioWHg,True Food Kitchen,"['vegetarian', 'newamerican', 'vegan']",3,2,1431,4.0,168 W Colorado Blvd,Pasadena,CA
6,RvtMX1wFgnZGcXlpfu-ahQ,Vitalist Food,"['organic_stores', 'juicebars', 'vegan']",3,0,30,5.0,8010 Melrose Ave,West Hollywood,CA
7,TqdnWOsgGTTgfAwOq84WJg,Golden China Restaurant,"['chinese', 'vegan', 'vegetarian']",3,2,362,4.0,9018 Venice Blvd,Culver City,CA
8,vWycXIVP5CYns2tJvKQDsg,Vegan Glory,"['thai', 'vegan']",2,2,941,4.0,8393 Beverly Blvd,Los Angeles,CA
9,CNs1LYGNTGyiGFB3QubhLQ,SunCafe Organic,"['vegan', 'raw_food', 'catering']",3,2,2455,4.5,10820 Ventura Blvd,Studio City,CA
10,U-cOIyQWsORZqXKNHAv-3g,Tocaya - West Hollywood,"['mexican', 'vegan', 'gluten_free']",3,2,735,4.0,8720 W Sunset Blvd,West Hollywood,CA
11,5F9s2LEzNsZnLGl-Ss2FMA,Sage Plant Based Bistro - Culver City,"['vegan', 'breakfast_brunch', 'pizza']",3,2,2342,4.0,4130 Sepulveda Blvd,Culver City,CA
12,yqoxbWNmFmszGSL8PI2pXg,My Vegan,"['thai', 'vegan', 'vegetarian']",3,2,1298,4.0,633 S Arroyo Pkwy,Pasadena,CA
13,WzpYWD2NlXfvRJzgeOlpQQ,Pita Spot,"['mediterranean', 'mideastern', 'halal']",3,2,277,4.5,1585 Sepulveda Blvd,Torrance,CA
14,_-ZB9fGspPGFhkmMGXS5OQ,veSTATION,"['vegan', 'asianfusion']",2,2,961,4.5,14435 Ventura Blvd,Sherman Oaks,CA
15,1avUwGw3_nPdesXlnRs0PQ,Al Tannour Mediterranean Cusine,"['mediterranean', 'halal', 'mideastern']",3,2,259,4.0,2947 W Ball Rd,Anaheim,CA
16,NIfvfVLbXGlGJOm4tmHwvg,Lemonade,"['cafes', 'newamerican', 'vegetarian']",3,2,869,3.5,500 World Way,Los Angeles,CA
17,3OJt-Xj45NfCCFwaeKMaeg,Luv2Eat Thai Bistro,"['thai', 'gluten_free']",2,2,958,4.0,6660 W Sunset Blvd,Los Angeles,CA
18,EoHvyubU065OppfBJKIvHw,House Of Spice,"['indpak', 'pakistani']",2,0,1,5.0,18604 Pioneer Blvd,Artesia,CA
19,b4Oq0ESx-a_w1qJ-snDWvw,Cruzer Pizza 100% Vegan,"['pizza', 'vegan']",2,2,806,4.5,5051 Hollywood Blvd,Los Angeles,CA
20,eLb4CPJ8eiOQe9BJKbZmdQ,Bismillah Halal Tandoori,"['indpak', 'pakistani', 'halal']",3,2,155,3.0,8901 Knott Ave,Buena Park,CA
21,51b0-gT3OseRJqxLOxSDtw,Bodhi Veggie Cuisine,"['vegetarian', 'chinese', 'vegan']",3,2,330,4.0,3643 Rosemead Blvd,Rosemead,CA
22,7zYe_KMo1x32mcXmM51iaw,World Empanadas,"['empanadas', 'vegan', 'breakfast_brunch']",3,1,1052,4.5,1206 W Magnolia Blvd,Burbank,CA
23,LY6JwTvyRSJL93FE9z0JQA,Smeraldi's,"['italian', 'breakfast_brunch', 'buffets']",3,2,108,3.5,506 South Grand Avenue,Los Angeles,CA
24,S_jWepe2askyXb9p-bn6EQ,Plant Food + Wine,"['vegan', 'raw_food', 'vegetarian']",3,3,613,4.0,1009 Abbot Kinney Blvd,Venice,CA
25,8WMU2qQjSWBrxYLKX_H6mw,The Halal Guys,"['mideastern', 'halal', 'mediterranean']",3,2,1259,3.5,1804 Ximeno Ave,Long Beach,CA
26,iLnC6i3VmzVbtfZFvk5m7Q,sweetgreen,"['salad', 'vegetarian']",2,2,64,3.0,3925 Sunset Blvd,Los Angeles,CA
27,TWUt2dRsEn3RSmAw2xjG8w,Modern Shaman,['vegan'],1,2,237,4.5,6744 Greenleaf Ave,Whittier,CA
28,r8CvzAMyeTeDasdp6GOO5g,Chennai Tiffins,"['vegetarian', 'indpak']",2,0,1,5.0,3244 W Lincoln Ave,Anaheim,CA
29,9oaTJVP5gkTG-1uWXVI5oA,Parkside Dining Hall,"['sandwiches', 'buffets', 'diners']",3,2,31,3.0,3771 McClintock Ave,Los Angeles,CA
30,TmuztHuzFydP4L6BxBkNXA,Qi Steam Kitchen,"['dimsum', 'asianfusion', 'vegan']",3,2,92,4.0,5966 W Olympic Blvd,Los Angeles,CA
31,BAT2RzoS9HE2r_Wb5wp0lA,Curry Pot,['indpak'],1,0,1,1.0,1321 Westwood Blvd,Los Angeles,CA
32,HoiZYXpXoIhDWVZOhvsCKw,Cafe Gratitude,"['vegan', 'cafes', 'vegetarian']",3,2,1444,4.0,512 Rose Ave,Venice,CA
33,O547hfztUUh6Zn1vWLOD5g,East India Grill,['indpak'],1,0,3,1.0,1245 S Fairfax Ave,Los Angeles,CA
34,V1wanHwP7vMtv5yonHltpw,sweetgreen,"['salad', 'vegetarian']",2,2,124,3.5,180 S La Brea,Los Angeles,CA
35,Pj08MbNLLwdLnJS0ImsMkA,Fresh Potato Factory,"['newamerican', 'vegetarian', 'burgers']",3,1,614,4.0,9420 Reseda Blvd,Northridge,CA
36,mvIIlwzHCOog7TuX_rPgyA,Toko Rame Indonesian Restaurant,"['indonesian', 'halal']",2,2,276,4.0,17155 Bellflower Blvd,Bellflower,CA
37,pJGMsy9JBH8Paobb9tgLdg,Omar's Kitchen,"['halal', 'chinese', 'uzbek']",3,2,253,4.5,11740 Artesia Blvd,Artesia,CA
38,ierxTDAcyBrBXFyMadrAlA,Burgerlords Chinatown,"['burgers', 'vegan', 'hotdogs']",3,1,797,4.0,943 N Broadway,Los Angeles,CA
39,4oRhbeYYQKp3ECy4ZFCBpw,Sweet Veggie - El Monte,"['vegetarian', 'vegan', 'taiwanese']",3,1,143,4.0,10478 Valley Blvd,North El Monte,CA
40,8Vt_UM3Hgh8bEgJivxDc8Q,Biryani Pot on Wheels,"['foodtrucks', 'indpak']",2,0,1,3.0,,Artesia,CA
41,F9gJst5uKZQM0herymyTiA,Little Dhaka,"['grocery', 'bangladeshi']",2,1,53,3.5,18159 Pioneer Blvd,Artesia,CA
42,rf20-kFTkk9BC4tfr8K_3g,Trejos Tacos - La Brea,"['mexican', 'vegan', 'newmexican']",3,2,1734,3.5,1048 S La Brea Ave,Los Angeles,CA
43,lke5cmNoy4A-4bn_n0Apuw,Green Temple,"['vegetarian', 'breakfast_brunch', 'sandwiches']",3,2,825,4.5,1700 S Catalina Ave,Redondo Beach,CA
44,8lQdlnHokoGzTCpR8c1PPw,Vinh Loi Tofu,"['vietnamese', 'vegan']",2,2,1730,4.5,18625 Sherman Way,Reseda,CA
45,fnieyvmWe2B3bJ19bnxt6g,Donut Friend,"['donuts', 'vegan']",2,1,2482,4.5,5107 York Blvd,Los Angeles,CA
46,uKFxLPO4M7f-gFGsdKtT-w,Charo Chicken,"['mexican', 'chicken_wings', 'halal']",3,1,251,4.0,4846 Paramount Blvd,Lakewood,CA
47,3qI3wAXbSZvirEP3VuusaA,Leonor's Mexican Vegetarian Restaurant,"['mexican', 'vegetarian', 'vegan']",3,1,557,4.0,12445 Moorpark St,Studio City,CA
48,HIP48G5p_A-bI1jZ2uOgdw,Veggie Grill,"['vegetarian', 'vegan', 'newamerican']",3,2,1532,4.0,720 S Allied Way,El Segundo,CA
49,IJiQIAqXKpEEewTZ-WBYxg,Inca Gourmet Restaurant,"['buffets', 'peruvian']",2,1,94,3.5,15651 Hawthorne Blvd,Hawthorne,CA
0,EwMfxT3R8ZwIpeEexn_TiQ,sweetgreen,"['salad', 'vegetarian']",2,2,179,4.0,11677 San Vicente Blvd,Los Angeles,CA
1,OPrzpDfVx2Vy3Q9_HVXnvg,RT Kitchen,"['indpak', 'vegetarian']",2,2,11,4.0,15714 Pioneer Blvd,Norwalk,CA
2,cV_vPwixGpnG3S-1YwVAKg,Open Sesame,"['lebanese', 'wine_bars', 'halal']",3,2,3325,4.0,5215 E 2nd St,Long Beach,CA
3,bgFDeHodns7eWHgmyZckRw,Juice Crafters,"['juicebars', 'breakfast_brunch', 'vegan']",3,0,26,4.0,3827 W Sunset Blvd,Los Angeles,CA
4,rPufWjgun7CSJi2xoNSTFw,Skewers Halal,"['halal', 'mideastern', 'italian']",3,2,276,4.5,9820 Topanga Cyn Blvd,Chatsworth,CA
5,OHWCVynd0X-5sZyaOM7AuQ,One Veg World,"['vegan', 'burgers', 'sandwiches']",3,2,1189,4.0,178 S Glendora Ave,West Covina,CA
6,XQHfN8Fq68XdSJCQ6J-AYA,Happy Days Cafe,"['desserts', 'coffee', 'gluten_free']",3,1,866,4.0,14552 Ventura Blvd,Los Angeles,CA
7,mulh6QPw7vnAN2f7IlP09g,Green Earth Vegan Cuisine,"['vegan', 'vegetarian']",2,2,649,4.0,37 S Fair Oaks Ave,Pasadena,CA
8,dqu6_3i9uVO1-oeUNd-hXA,Ahimsa Vegan Cafe,['vegan'],1,2,921,4.0,340 E 4th St,Long Beach,CA
9,Du_ngPVMS5QDryrdzlpJSA,Burger Bombay Food Truck,"['indpak', 'foodtrucks', 'burgers']",3,0,1,1.0,2627 N Durfee Ave,El Monte,CA
10,SRFhLDZYQiQ5YBrmEF_59g,Famous Shish Kabob,"['persian', 'mediterranean', 'halal']",3,2,294,4.0,2616 E Colorado Blvd,Pasadena,CA
11,EGdpLJ2urbMIRKT96MxoOg,Nine & Nine Thai Kitchen,"['thai', 'noodles', 'vegetarian']",3,2,1251,4.0,738 E Colorado Blvd,Pasadena,CA
12,GJMEgdKmkpEk40nv7bg9Kg,Kabab Crush,"['mediterranean', 'mideastern', 'kebab']",3,2,1259,4.5,18300 Gridley Rd,Artesia,CA
13,6-cwH6mdCxjA03tzasjwDg,House of Shish Kabob,"['persian', 'halal']",2,2,257,4.0,10224 Mason Ave,Chatsworth,CA
14,iCB1-VOwhb0PqbbUAziVhg,Asian Spot,"['meats', 'pakistani']",2,1,28,3.5,8327 Tampa Ave,Northridge,CA
15,VSfemyFtdCyba_QSmS_5Lg,Bhimas Non-Veg,['indpak'],1,2,25,3.5,18766 Pioneer Blvd,Artesia,CA
16,eg7MygM_88BpGaEZ4E7pqw,Thai Corner Kitchen,"['thai', 'halal']",2,2,293,4.0,499 S Brookhurst St,Anaheim,CA
17,N-1OMW5Sr6MvAPbrwfbQOA,Mama's Moussaka,"['fooddeliveryservices', 'indpak']",2,0,1,1.0,2350 Pico Blvd,Santa Monica,CA
18,oR4IyNH2GW6l-KRDt1-HrQ,New Delhi Spiceland,"['grocery', 'vegetarian', 'delis']",3,1,30,3.5,18900 Roscoe Blvd,Northridge,CA
19,wQWQ35D1BMmANVTs9lf8-g,Tirupathi Bhimas,['indpak'],1,2,89,3.0,18792 Pioneer Blvd,Artesia,CA
20,aQoYOwarHYL0Pkyr8Hbuzw,Bombay Sweets & Snacks,['indpak'],1,1,89,2.5,18526 Pioneer Blvd,Artesia,CA
21,NkQbwwK_Nrb8iQWjnTAOBA,Tonys Darts Away,"['pubs', 'gastropubs', 'vegan']",3,2,1237,4.5,1710 Magnolia Blvd,Burbank,CA
22,4laHtLIauL7UGPhIUAV53w,Indian Fresh Food From Fresh Kabobs- Long beach,['indpak'],1,0,1,3.0,220 E 4th St,Long Beach,CA
23,sIo9JRtFv9MwSvsdBAx1pA,P.F. Chang's,"['chinese', 'asianfusion', 'gluten_free']",3,2,528,3.0,326 Wilshire Blvd,Santa Monica,CA
24,wcXr-YYmyeic1g_VQZwY8A,Al Amir Bakery,"['bakeries', 'halal', 'lebanese']",3,1,449,4.5,905 S Brookhurst St,Anaheim,CA
25,C95jJ9abbTs__EdaxgRF0A,Pop's Hot Dogs,"['hotdog', 'gluten_free']",2,1,155,3.5,11700 National Blvd,Los Angeles,CA
26,9oAqOH_FqnB3olhHTQ0rMg,Copper Lamp Liquor & Deli,"['indpak', 'delis']",2,1,13,2.0,205 W Foothill Blvd,Monrovia,CA
27,fT5h65Y91LeAn_epJEHgMg,California Chicken Cafe,"['wraps', 'tradamerican', 'salad']",3,2,699,4.0,2401 Wilshire Blvd,Santa Monica,CA
28,oK7er7r4d8dxJBP-aB_34Q,The Hotspot Grill,"['halal', 'tradamerican', 'pakistani']",3,1,57,4.0,12211 E Centralia St,Lakewood,CA
29,ajDiBj3eaRyvuT9NNZcVhA,Real Food Daily,"['breakfast_brunch', 'vegan']",2,2,1445,4.0,414 N La Cienega Blvd,West Hollywood,CA
30,sYn3SNQP-j2t2XSwjlCbRg,Monty's Good Burger,"['burgers', 'vegan', 'hotdogs']",3,2,2114,4.5,516 S Western Ave,Los Angeles,CA
31,wm7t-vDsCwbw3ykfuKTVTg,Juice Crafters,"['juicebars', 'breakfast_brunch', 'vegan']",3,2,278,4.0,702 S Spring St,Los Angeles,CA
32,lwsw6EugyiNs3UtZ8ArR6Q,Garden Wok,"['chinese', 'vegetarian', 'vegan']",3,2,682,4.0,6117 Reseda Blvd,Tarzana,CA
33,PEPJFfthSeVqjC2au214tA,Under The Sun,"['raw_food', 'vegan', 'juicebars']",3,2,233,4.5,244 E 3rd St,Long Beach,CA
34,IeHJh1NpujYNzBZ_ohH-aw,El Cocinero,"['mexican', 'vegan']",2,0,264,5.0,6265 Sepulveda Blvd,Van Nuys CA,CA
35,HRXY0oBSnGxat0IxyYYvtw,Hatam Restaurant,"['mideastern', 'persian', 'halal']",3,2,576,4.0,2383 West Lincoln Ave.,Anaheim,CA
36,p5XaUm_-jkO8tFFQrMeLqw,Juice Crafters,"['juicebars', 'breakfast_brunch', 'vegan']",3,2,101,4.0,293 S Robertson Blvd,Beverly Hills,CA
37,8UXNCnZKe8z0DMCPRhPNmQ,Aachi Chettinad Mess,['indpak'],1,0,1,2.0,3244 W Lincoln Ave,Anaheim,CA
38,KuarfSEd-b8mgi-oDncSFw,Shreem Spices & Foods India,"['indpak', 'importedfood']",2,0,1,4.0,18748 Pioneer Blvd,Artesia,CA
39,1iH0JS9j41v_i7hxuUL8Yw,Tocaya - Century City,"['mexican', 'vegan', 'gluten_free']",3,2,351,3.5,10250 Santa Monica Blvd,Los Angeles,CA
40,_XRKbrp7FKZprP1vMoMzNw,Veggie Grill,"['vegetarian', 'newamerican', 'vegan']",3,2,705,4.0,2533-D Pacific Coast Hwy,Torrance,CA
41,lKGGs1E1houK2c5hYUsI4Q,Follow Your Heart  Market and Cafe,"['healthmarkets', 'vegetarian', 'vegan']",3,2,1473,4.5,21825 Sherman Way,Canoga Park,CA
42,O99a0XabPd95eVra-Jhx1A,Kareem's,"['mediterranean', 'salad', 'wraps']",3,2,559,4.5,1208 S Brookhurst St,Anaheim,CA
43,IzR3T3mESJlnJIDTTpztZQ,Sweetfin,"['poke', 'japanese', 'gluten_free']",3,2,131,3.5,3112 Sunset Blvd,Los Angeles,CA
44,-6409d3I9znnDwVH497ulA,The HipPea,"['falafel', 'vegan']",2,1,627,4.5,2023 E 4th St,Long Beach,CA
45,RxkqbslEeF7IeeSqfOa02A,Roma Specialty Pizza,"['pizza', 'brazilian', 'buffets']",3,2,839,4.0,10826 Venice Blvd,Culver City,CA
46,JWSCy9Eyg3DwZoPK_oetRg,Dhaba Cuisine of India,['indpak'],1,2,260,4.0,2104 Main St,Santa Monica,CA
47,yzDUiqVExAQ_wD6HWq6vXw,Lovely Spice Land,"['grocery', 'halal']",2,2,24,3.5,7568 Winnetka Ave,Winnetka,CA
48,pTAg1bwiqvW4ruCXcStiSg,Chicago's Pizza With A Twist,"['pizza', 'chicken_wings', 'gluten_free']",3,2,298,4.0,11767 South St,Artesia,CA
49,anLLAcJkMI4IGCaS4wGE7Q,Yard House,"['bars', 'newamerican', 'vegetarian']",3,2,2036,3.5,330 East Colorado Blvd,Pasadena,CA
0,usxz8wmdhDJ8iMUtoLPWpQ,The Gourmet Soup Kitchen,"['soup', 'vegetarian', 'vegan']",3,1,131,5.0,23229 Saticoy St,West Hills,CA
1,FjeJOpiweItEdygOyv-49A,Juice Crafters,"['juicebars', 'breakfast_brunch', 'vegan']",3,2,93,4.0,2718 Griffith Park Blvd,Los Angeles,CA
2,ufBGcod7163xbOBfGAAchQ,Oliver Cafe | Lounge - Beverly Hills,"['juicebars', 'sandwiches', 'wraps']",3,2,131,3.5,9601 Wilshire Blvd,Beverly Hills,CA
3,EgRkCh4c4i8uFrCrMQFSvg,Twist & Grill,"['mediterranean', 'wraps']",2,1,137,3.5,735 S Figueroa St,Los Angeles,CA
4,dEjk9rohtQNg6TJ8cc3n-A,Juice Crafters,"['vegan', 'juicebars', 'breakfast_brunch']",3,2,88,3.5,15324 Antioch St,Pacific Palisades,CA
5,eAz0NMpLPBVl0HnOYfF2pA,Upscale Vegan,['vegan'],1,0,4,2.0,8781 West Pico Blvd,Los Angeles,CA
6,jm0FSz16HBzMLa3pQgXghg,Happy Veggie,"['vegetarian', 'vietnamese', 'vegan']",3,2,673,4.5,709 N Pacific Coast Hwy,Redondo Beach,CA
7,fSlxD9XJl14PAlyOFO1Sww,Yantra Kitchen,"['indpak', 'italian', 'wine_bars']",3,0,50,4.5,18511 Pioneer Blvd,Artesia,CA
8,vURmA-iN74c6_2pIv_InsQ,Veggie's Delight Co,"['vegetarian', 'taiwanese']",2,1,81,4.5,11736 E 166th St,Artesia,CA
9,YnQCukEYnnZy8OiKNUHfQA,Juice Crafters,"['juicebars', 'breakfast_brunch', 'vegan']",3,2,119,3.5,4260 Lincoln Blvd,Marina Del Rey,CA
10,zw7drID-xY0MldixZlpgoQ,Jeje Mediterranean Grill,"['mediterranean', 'halal', 'kebab']",3,2,819,4.0,16970 San Fernando Mission Blvd,Granada Hills,CA
11,fK71cXdyV8qNkDMAhpDDiQ,Moo BBQ,"['korean', 'bbq', 'buffets']",3,2,2889,4.0,11746 S St,Artesia,CA
12,wR0jMwR6kl1Q35LoNPeNIw,The Vegan Joint,['vegan'],1,2,328,4.0,20855 Ventura Blvd,Woodland Hills,CA
13,LAdWWdFsGnWj-yMKaIyYEQ,Al Sanabel,"['bakeries', 'mideastern', 'vegetarian']",3,1,212,4.5,816 S Brookhurst St,Anaheim,CA
14,0MO-UkRwMvPfONiOtEltig,Tocaya - Venice,"['mexican', 'vegan', 'gluten_free']",3,2,899,4.5,1715 Pacific Ave,Venice,CA
15,gpYGxW90yfIwaZeMM-bM7Q,Green Street Café,"['mediterranean', 'lebanese', 'kebab']",3,2,152,4.5,730 E Green St,Pasadena,CA
16,pwTwhPoieNrzkrOzj6D5hw,Garden Fresh Vegan,"['vegetarian', 'vegan', 'chinese']",3,1,155,4.5,16034 Gale Ave,Hacienda Heights,CA
17,yXNZiSDhU47hWfCreKHATw,Str8 Up Tacos,"['tacos', 'vegan', 'vegetarian']",3,1,775,4.5,8471 Walker St,La Palma,CA
18,HrrQ19VwlVTYcpgv6Gh4eg,Juice Crafters,"['juicebars', 'breakfast_brunch', 'vegan']",3,2,286,4.0,14550 Ventura Blvd,Los Angeles,CA
19,wYXSvKXpCfT6_Maez7AHwg,Hokkaido Restaurant,"['buffets', 'japanese', 'seafood']",3,2,1101,3.0,3030 Cherry Ave,Long Beach,CA
20,Xyz__MfBmTZeyT0ibOOLnA,Family Meat Market,"['meats', 'afghani']",2,1,25,4.0,8363 Reseda Blvd,Northridge,CA
21,6gpwCYJQ5_k72dbbMb28cw,Royal India Grill,"['indpak', 'buffets', 'seafood']",3,2,65,4.5,2015 Westminster Mall,Westminster,CA
22,qs_A9KedPy-nH7_JX5M5gA,Vinh Loi Tofu - Cerritos,"['vietnamese', 'vegan', 'vegetarian']",3,2,359,4.5,11818 South St,Cerritos,CA
23,6KgkmqQZ03bepJMOKqaymw,Fat Tomato Pizza,"['pizza', 'gluten_free', 'vegan']",3,2,238,4.0,446 Pacific Coast Hwy,Hermosa Beach,CA
24,6fE9paqYRnFHBKBeh6pfeA,Veggie Grill,"['newamerican', 'vegan']",2,2,776,4.0,200 S Lake Ave,Pasadena,CA
25,qdKN8M0u7Y0r1ThYzo8bgw,Vegas Seafood Buffet,"['buffets', 'seafood', 'chinese']",3,2,766,3.0,3525 W Carson St,Torrance,CA
26,EsJwZEXABVMBSY8VzxwbPA,Ambala  Express,['indpak'],1,2,1,2.0,18413 Pioneer Blvd,Artesia,CA
27,u4z789OMHJVpNGW9jSF3HQ,Thai Blvd Bistro,"['thai', 'vegetarian', 'asianfusion']",3,2,489,4.5,20935 Vanowen St,Canoga Park,CA
28,FYcr2s6jEdsoL3YV455UtQ,Green Cottage,"['mediterranean', 'pizza', 'kebab']",3,2,749,4.0,17312 Ventura Blvd,Encino,CA
29,0QAUuCHhjqX7J9P_AVYkBQ,I Cuisine,"['italian', 'halal', 'pizza']",3,2,168,3.5,1001 N Euclid St,Anaheim,CA
30,p_-rs888s5sLYtt2QwuD0g,Cali Veggie Restaurant,"['vegetarian', 'vietnamese']",2,1,89,4.5,15691 Brookhurst St,Westminster,CA
31,mhdSehb855hJdVvmTbkPlA,Bo De Tinh Tam Chay,"['vietnamese', 'vegetarian']",2,2,703,4.0,15352 Beach Blvd,Westminster,CA
32,PDci4QrrbGln5FyM-uv0lQ,New Town Super Buffet,"['buffets', 'seafood', 'sushi']",3,2,410,3.0,1100 N San Fernando Blvd,Burbank,CA
33,HHmcR9OVKpfeS3T6zzWckA,Juice Crafters,"['juicebars', 'vegan', 'breakfast_brunch']",3,2,283,4.0,11682 San Vicente Blvd,Los Angeles,CA
34,-M0aSSQqEEAkxsXLwXwIvQ,The Sun Vegan,['vegan'],1,1,392,5.0,11743 Edinger Ave,Fountain Valley,CA
35,d8uHNNf53HoYgpivVcxalA,Long Beach Vegan and Music Festival,"['festivals', 'vegan']",2,2,23,3.0,Rainbow Lagoon Park,Long Beach,CA
36,fa7FQOC-m02iZAabzm8lHw,Yard House,"['bars', 'newamerican', 'vegetarian']",3,2,2499,3.5,401 Shoreline Village Dr,Long Beach,CA
37,Ilg--tSLUBlMrjI2JgCvDg,Au Lac,"['vietnamese', 'vegan', 'raw_food']",3,2,1359,4.5,16563 Brookhurst St,Fountain Valley,CA
38,TZnrnc4uIR6tGutDJiEPNw,El Cholo Cafe Pasadena,"['mexican', 'cocktailbars', 'buffets']",3,2,1034,3.0,300 E Colorado Blvd,Pasadena,CA
39,mgRIuatYCr4HZa80AWOOWw,Juice Crafters,"['breakfast_brunch', 'juicebars', 'vegan']",3,2,99,4.0,2811 Ocean Park Blvd,Santa Monica,CA
40,BIrM17k1ApiS-IR1HTTNjw,Kirari West Bake Shop,"['bakeries', 'coffee', 'gluten_free']",3,2,679,4.5,707 N Pacific Coast Hwy,Redondo Beach,CA
41,ume60CEvZOqXxA1eFS7K-A,The Halal Guys,"['halal', 'mideastern', 'mediterranean']",3,2,675,4.0,11435 S St,Cerritos,CA
42,mXr-Cap3FNx19luFE1RVqg,Green Tomato Grill,"['gluten_free', 'newamerican', 'vegan']",3,2,383,4.0,16062 Goldenwest St,Huntington Beach,CA
43,ogFn9-iNXcJ4yFiN5ZsPow,Real Food Daily - Pasadena,"['vegan', 'newamerican', 'breakfast_brunch']",3,2,1010,4.0,899 E Del Mar Blvd,Pasadena,CA
44,lShle4DULpLZRrccILOdqQ,Vegi Wokery,"['chinese', 'vegetarian', 'vegan']",3,1,398,4.0,11329 183rd St,Cerritos,CA
45,NGOnzqtfDVdfZSnwqGdwIA,Dekkadance,"['pizza', 'seafood', 'buffets']",3,3,417,3.5,900 Wilshire Blvd,Los Angeles,CA
46,XORRUOB9IaRqNqO39vQFPQ,Pho CT Asian Cafe,"['vietnamese', 'vegan', 'noodles']",3,1,416,4.0,8366 Topanga Canyon Blvd,Canoga Park,CA
47,WhqT1GfflgrQbCmZ4S9r2g,viva la vegan tacos,"['vegan', 'tacos']",2,1,68,5.0,10709 Balboa Blvd,Los Angeles,CA
48,zJEZthLP01WnrwqUECpnIg,Veggie Grill,"['newamerican', 'vegan', 'vegetarian']",3,2,616,4.0,16542 Ventura Blvd,Encino,CA
49,baAzDMm6GW4tCDnXje0z7g,Healthy Greens,"['juicebars', 'vegan', 'acaibowls']",3,2,273,4.0,20929 Ventura Blvd,Woodland Hills,CA
0,1J0vIhbahrbo4r-ECFZYig,Vegan Pizza,"['vegan', 'pizza']",2,2,1079,4.5,12022 Chapman Ave,Garden Grove,CA
1,UJvj44lAeaPoVMaoX3GtfA,Altayebat Market,"['grocery', 'halal', 'markets']",3,1,108,3.5,1217 S Brookhurst St,Anaheim,CA
2,UdWQu4w9l3Y9aKkioWUryw,Todo Verde,"['vegan', 'catering', 'latin']",3,2,56,5.0,,Los Angeles,CA
3,EV9Y3bszD56lyxo0zNAxtQ,Shakey's Pizza Parlor,"['pizza', 'buffets']",2,2,90,2.5,8022 E Rosecrans Ave,Paramount,CA
4,Tje7dEXyYztx_UyXLAf3Mw,Fa-Sai Thai,"['desserts', 'thai', 'gluten_free']",3,1,820,4.5,12910 Harbor Blvd,Garden Grove,CA
5,hNcjsM8KkQOw4PFciqkS-w,Equelecuá Cuban Vegan Café,"['cuban', 'vegan']",2,2,836,4.0,55 S Madison Ave,Pasadena,CA
6,zqLicKLLXP6EIAvuhtqoJw,King Palace Buffet,['buffets'],1,2,341,2.0,10460 Rosecrans Ave,Bellflower,CA
7,w0UL61WryR79hlmcHvCqkw,Papa Pizza Pie,"['pizza', 'gluten_free']",2,1,752,4.5,1105 S Euclid St,Fullerton,CA
8,jIu7TUg3cDAmK07KbwAOKw,Cafe Sierra,"['newamerican', 'buffets', 'seafood']",3,3,968,3.5,555 Universal Hollywood Dr,Universal City,CA
9,iSS9CQrpq_D2J1zJ-4GV3g,P.F. Chang's,"['chinese', 'asianfusion', 'gluten_free']",3,2,863,3.0,321 W Katella Ave,Anaheim,CA
10,1OlHVYfq2GevQ56FS8oweg,Tebo Tebo Tea Express,"['coffee', 'desserts', 'wraps']",3,1,1047,2.5,13916 Brookhurst St,Garden Grove,CA
11,7tKP4mI07i6A31QVBCr7Jg,California Chicken Cafe,"['tradamerican', 'salad', 'wraps']",3,2,454,3.5,9045 Topanga Canyon Blvd,Chatsworth,CA
12,o5RJUFQJgVhaFRtZpzCfxA,P.F. Chang's,"['chinese', 'asianfusion', 'gluten_free']",3,2,715,3.0,21821 Oxnard St,Woodland Hills,CA
13,GYIlrCd5N9z1UNpwKz1rqg,The Luxe Buffet,"['buffets', 'sushi', 'seafood']",3,2,2942,4.0,2008 Westminster Mall,Westminster,CA
14,BuskBVvvVZ9yzS1IfnI6EQ,Goofy's Kitchen,"['tradamerican', 'breakfast_brunch', 'buffets']",3,3,1609,3.5,Disneyland Hotel,Anaheim,CA
15,oVOutQdCBDg_LS-ZcpXSfw,Thuyen Vien,"['vegetarian', 'vietnamese']",2,1,1264,4.5,1740 S Euclid St,Anaheim,CA
